Document,Human-made Reference,GGUF Q4_K_M (llama.cpp)
"(CNN) I see signs of a revolution everywhere. I see it in the op-ed pages of the newspapers, and on the state ballots in nearly half the country. I see it in politicians who once preferred to play it safe with this explosive issue but are now willing to stake their political futures on it. I see the revolution in the eyes of sterling scientists, previously reluctant to dip a toe into this heavily stigmatized world, who are diving in head first. I see it in the new surgeon general who cites data showing just how helpful it can be. I see a revolution in the attitudes of everyday Americans. For the first time a majority, 53%, favor its legalization, with 77% supporting it for medical purposes. Support for legalization has risen 11 points in the past few years alone. In 1969, the first time Pew asked the question about legalization, only 12% of the nation was in favor. I see a revolution that is burning white hot among young people, but also shows up among the parents and grandparents in my kids' school. A police officer I met in Michigan is part of the revolution, as are the editors of the medical journal, Neurosurgery. I see it in the faces of good parents, uprooting their lives to get medicine for their children -- and in the children themselves, such as Charlotte, who went from having 300 seizures a week to just one or two a month. We know it won't consistently have such dramatic results (or any impact at all) in others, but what medicine does? I see this medical marijuana revolution in surprising places. Girl's seizures spur medical marijuana legislation in Georgia . Among my colleagues, my patients and my friends. I have even seen the revolution in my own family. A few years ago, when I told my mother I was investigating the topic for a documentary, I was met with a long pause. ""Marijuana...?"" She whispered in a half questioning, half disapproving tone. She could barely even say the word and her response filled me with self-doubt. Even as a grown man, mom can still make my cheeks turn red and shatter my confidence with a single word. But just last week she suddenly stopped mid-conversation and said, ""I am proud of you on the whole marijuana thing."" I waited for the other shoe to drop, but it didn't. Instead, she added, ""You probably helped a lot of people who were suffering."" I don't think we had ever had a conversation like that one. At that moment, I saw a revolution that can bring you to tears. The word revolution, comes from the Latin revolutio, to ""turn around."" I had my own turn around a couple of years ago, and at the time it was a lonely place to hold a supportive position on medical marijuana. Hardly any government officials would agree to sit down and be interviewed on the topic. Even patients I spoke to were reluctant to share their stories. It can be tricky, I learned, to be on the right side of science but on the wrong side of ideology. When we put the first ""Weed"" documentary on television in August 2013, I didn't know if anyone would watch our yearlong investigation. Even worse, I didn't even know if they would care. Is weed legal in your state? Just two years later, in ""Weed 3,"" we are eyewitnesses to a revolution in full swing. You will ride along with us for the dawn of the first federally approved clinical study on the use of marijuana for PTSD. You will meet patients such as Sean Kiernan, an accomplished investment banker, and Amelia Taylor, a stay-at-home mom. They are the remarkable and surprising faces of this revolution -- smart, successful and suffering -- unwilling to accept the fact that commonly prescribed medications often used to treat PTSD can be worse than the underlying disorder itself. Sean Kiernan nearly died, trying to get better. You will see what weed really does to your brain, in crystal clear images. This time around, you will hear from the heads of government agencies earnestly sharing their point of view, both Democratic and Republican senators, and even the President of the United States. This is what a revolution looks like. Your medical marijuana questions answered . When ""Weed 2: Cannabis Madness"" aired in March 2014, Boston researcher Rick Doblin believed the right people were watching. Just four days later, Doblin received a letter in the mail he had been waiting on for seven years that finally provided federal approval for his marijuana study. The federal farm where Doblin would have to obtain his marijuana is on the campus of Ole Miss in Oxford, Mississippi. In anticipation of a scientific revolution, the production of research-grade marijuana there has increased 30-fold in just the past year. Make no mistake, we have plenty of evidence that the approval and support of the federal government can fast track a revolution at a faster pace than we have yet seen. It was the National Institute of Allergy and Infectious Diseases that spearheaded the research into a cure for AIDS, as well as stopping the spread of West Nile Virus. They were also responsible for the awesome task of eradicating polio and smallpox. Other successful federally backed programs include the human genome project, the BRAIN initiative and the Precision Medicine Initiative. There are no shortage of examples where the federal government has been a guardian of our public health needs, and you could argue that medical marijuana would also qualify as a worthwhile investment. 10 diseases where medical marijuana could have impact . There is now promising research into the use of marijuana that could impact tens of thousands of children and adults, including treatment for cancer, epilepsy and Alzheimer's, to name a few. With regard to pain alone, marijuana could greatly reduce the demand for narcotics and simultaneously decrease the number of accidental painkiller overdoses, which are the greatest cause of preventable death in this country. As I sat across from Sens. Kirsten Gillibrand (D-New York) and Cory Booker (D-New Jersey), I knew something extraordinary was happening. They were reciting the story of Charlotte Figi and countless other children. They were quoting back the data we had shared from our earlier investigations. They were extolling the potential virtues of the plant, and all of that was before the interview even started. There was an impatience about them, and they seemed in a hurry to make a large dent in marijuana reform. They want marijuana to be rescheduled. They want it now. They want doctors to be able to prescribe it at VA hospitals all over the country. They want it now. They want research dollars freed up to study the plant. They want it now. They want their fellow lawmakers at the state and national level to acknowledge what most of the world, including the citizens of the United States, have known for a long time: Marijuana is a medicine, that should be studied and treated like any other medicine. And they want all of it now. I spent much of our interview challenging them. I needed to remind them that people, long before me or them, have been trying to do many of these same things for 40 years, and had been rejected every time. I reminded them that politicians have a hard time winning elections on the issue of marijuana but less difficulty losing them. I challenged them every step of the way. ""This time will be different,"" Booker confidently told me as he walked out of the room. Is marijuana as safe as -- or safer than -- alcohol? I know how easy it is do nothing because I did nothing for too long. Take a good look at the data, educate yourself and talk to the patients, who are often out of options and find their hope in the form of a simple plant. Journalists shouldn't take a position. It makes sense. Objectivity is king. But, at some point, open questions do get answered. At some point, contentious issues do get resolved. At some point, common sense prevails. So, here it is: We should legalize medical marijuana. We should do it nationally. And, we should do it now. 9 things to know about legal pot .","CNN's Dr. Sanjay Gupta says we should legalize medical marijuana now .
He says he knows how easy it is do nothing ""because I did nothing for too long""","The document describes a revolution in medical marijuana legalization, with support from politicians, scientists, and everyday Americans. The author shares personal stories of families affected by medical marijuana, including a young girl who went from having 300 seizures a week to just one or two a month. The author also discusses the potential impact of medical marijuana on various diseases and the need for federal approval and support. The author challenges politicians to support medical marijuana reform and calls for legalization on a national level."
"He looks barely teenage. But this child has amassed thousands of Twitter followers with his pictorial updates of 'gang life'. The baby-faced boy from Memphis, Tennessee, poses with guns, cash, and bags of what looks like marijuana. Scroll down for video . Baby-faced: This little boy has amassed more than 3,000 followers on Twitter with pictures like these . In many pictures he is smoking suspicious substances, with captions such as 'High Life' Backlash: The boy, from Memphis, has prompted a wave of critics calling his stunts 'sad' In one video he laughs and points the gun at the camera in an apparent attempt to look menacing - as adults laugh in the background. In others, he is pictured blowing smoke, with the caption: 'High Life'. Tweets include the phrases, 'I need a bad b****', 'f*** da police', and 'gang sh** n****'. Some feature sexual references, such as: 'quit suckin my d***'. As he is a minor, DailyMail.com will not identify the little boy. The child's tweets have prompted backlash from other Twitter users and members of the community. One woman tweeted him: 'you need help i feel so bad for you your parents should be ashamed please get help and a education this is sad and disappointing.' Another Twitter user said: 'You poor baby. Just stop it & go to school.' Adults around: Many of his pictures and videos are taken with adults who are seen laughing, unfazed . Guns: The little boy, who appears to be barely teenage, regularly poses for his followers with guns . The boy hit back at his critics claiming he has had a tough year and the backlash is 'stressing out' his mother . Orrden Williams, a Memphis resident who has been the victim of gang violence, told AOL.com: 'What he's doing on here is something that he's going to bring upon society one day. It's just inevitable.' He added: 'All it takes is the right influence, and all this can change. So that's a wake-up Memphis call right there.' Hitting back at critics, the boy tweeted on Friday: 'Wish some people would mind dey own business' as 'it's stressing my mama out'. He adds that his sister has 'been locked up for two years' and his critics 'don't know the half of what we been through end of 2014 & beg of 2015.' Authorities are increasingly cognizant of Twitter as a means of perpetuating gang culture. While many like this young boy use it as a forum to flaunt their drugs and guns, around 50 per cent of organized gangs maintain in the United States maintain a social media profile.","Child has amassed thousands of Twitter followers with 'gang life' photos .
In one video he points gun at camera as adults look on unfazed .
His tweets have prompted backlash with calls for intervention .","A 12-year-old boy from Memphis, Tennessee, has amassed thousands of Twitter followers with pictures of himself posing with guns, cash, and bags of marijuana. His tweets include phrases like ""High Life,"" ""I need a bad b****,"" and ""f*** da police."" The boy has prompted backlash from critics calling his stunts ""sad."" Authorities are increasingly cognizant of Twitter as a means of perpetuating gang culture."
"New Jersey Governor Chris Christie wasn't looking too presidential Tuesday night when he got into a heated debate with a veteran teacher at a town hall meeting. And now the state's largest teacher's union is calling him out for his 'bullying' behavior. 'He's always taken a very nasty and disrespectful tone with teachers and other individuals who dare to question him at these events,' Steve Wollmer of the NJ Education Association told NJ.com. 'It's the one thing that never seems to change.' Scroll Down for Video . Not being nice: New Jersey Gov Chris Christie (left) is being called a bully for the way he interacted with a teacher (Kathy Mooney, right) at a Tuesday night town hall meeting . That sentiment doesn't ring well with Christie's ambitions to run in the Republican presidential primaries next year. Tuesday night, Christie appeared at Kenilworth Town Hall to take questions from a group of citizens, when Kathy Mooney, a high school English Teacher from Roselle Park, took the microphone. Ms Mooney, who has been a teacher for 27 years, questioned Christie's motivations behind a legal settlement with oil company ExxonMobil which could have contributed drastically to the state's pension plans for teachers. Christie settled the deal for $225million, despite the fact that the state had originally asked for $8.9billion which Mooney described as 'favoring the affluent' and 'kicking state workers under the bus'. 'I know that you could have gotten more money, on the dollar,' Mooney said. 'Do you?' a defensive Christie quickly responded. 'You do know that? Really? You know that?' Mooney started to respond, but not before being cut off by the governor. A good deal? Mooney questioned Christie's decision-making behind a $225million legal settlement. The state originally wanted $8.9billion from the oil company, and Mooney says that would have had a huge impact on pensions for public employees . 'I mean: Do you know that?' Christie continued. 'I wanna know how you know that. Because you're a teacher, and you're standing in front of students every day, conveying to them, facts - things that they need to learn. So I would like to understand your analysis of how you know that in a ten year long, court case, that you have enough detail to know.' Mooney explains that she read about the deal in the newspaper and did not attend the meeting 'to be bullied'. 'You're not being bullied, because you're asking me a question, I'm going to ask you questions back,' Christie says, as he continues to dodge the issue. 'He said, ""I'm not bullying you' as he bullied her,""' Wollmer said of the exchange. Perhaps the reason why Wollmer and his union responded sharply to Christie's town hall meeting Tuesday night, is that he blamed the union for their role in the current pension system. 'The fact is your union, over the course of time, has asked for significantly higher benefits - more expensive benefits - that your union knew the state could not afford,' Christie said Tuesday.","The presidential hopeful held a town hall meeting in Kenilworth on Tuesday .
During the meeting, high school English teacher Kathy Mooney got up to ask the governor a question about pensions .
She asked why he didn't seek a higher legal settlement in a case with ExxonMobil that would have contributed to the state's pension system .
Christie responded by repeatedly asking how much Mooney knew about the deal instead of answering her question .","New Jersey Governor Chris Christie was criticized for his 'bullying' behavior during a town hall meeting with a teacher, who questioned his decision to settle a legal settlement with ExxonMobil for $225 million. Christie's response was met with criticism from the state's largest teacher's union, who accused him of blaming the union for the current pension system."
"YouTube star Cassey Ho has hit back at critics with a powerful and provocative new video, highlighting the cruel comments left by viewers of her fitness-focused clips who accuse the trim and toned online icon of being everything from ‘too fat’ to ‘ugly’ to ‘pudgy’. Cassey's YouTube channel, Blogilates, has over two million subscribers, so fans may have been surprised to learn that the negative comments left under the California resident’s fitness videos still manage to get under her skin – and have a much greater impact on her than any of the positive messages sent to her by her fans. But though mean and critical messages may have put a dent in the 28-year-old’s self-esteem, the workout pro is getting the last word with her latest video, The 'Perfect' Body, which examines just whether conforming to society's standards is the key to happiness, while highlighting some of the cruel comments she has received from viewers of her YouTube videos. Scroll down for video. Fighting back: In her new video, Pilates instructor and YouTube star Cassey Ho combats body-shamers who comment on her videos . She's only human: Seemingly full of confidence, Cassey said even she has felt bad about herself after reading nasty comments calling her 'fat' online . In a post on her Blogilates blog, Cassey said negative comments on her videos are nothing new, but the flood of nastiness has grown especially bad lately. She added that the trash-talking has even brought her to tears on more than one occasion. 'It’s hard to be content with the shape of your body when people are constantly telling you how fat you are, how much weight you need to lose, how much weight you need to gain,' she wrote. 'What do people want?' Cassey goes on to explain that, through her new video, fans can see what it's like to face that kind of negativity, and watch as her own self-esteem gets 'stripped away', leaving her feeling insecure and ashamed about her appearance. Fit or fat: The slim and toned blogger says that the negativity in the comments section of her YouTube channel has become especially nasty lately, and has even made her cry . Peanut gallery problems: In the new video, Cassey picks at her body, honing in on places that commenters say she could improve upon . The video begins with Cassey posting a selfie in gym clothes, taken just after a workout. She immediately starts to read the comments, and though they start off positive, soon people are telling her she shouldn't give fitness advice because she is fat. Cassey goes on to strip down to her underwear, examining, pinching and prodding her body, using the spiteful comments to direct her to different parts of her physique that people insist need changing. And as the video goes on, she grows more unsatisfied with herself as negative comments pop up around her. So the YouTube star gets to work, manipulating her body in a simulation of real-life Photoshop. She thins her thighs, hips, and waist, makes her butt and chest bigger, and even changes the color of her eyes. Finally, she posts another selfie of her 'improved' look - achieved with the help of a body double - but she is clearly still unhappy, and she uses this feeling to try and show viewers that giving in to body-shaming will only leave you worse off. Before and after: The fitness expert's body goes under a major transformation; Cassey used a body double to achieve the final look . Moral message: Even after making her butt and chest bigger and her waist and legs smaller, Cassey still doesn't find happiness at the end of the video . No Photoshop here: The retouching in Cassey's video was meant to prove a point - she doesn't use Photoshop in the photos she posts online . It seems that her 'take that' attitude has left her detractors speechless. Readers of her blog flooded the comments section of the latest post with overwhelmingly positive feedback. 'Thank you for standing up to this struggle for girls and women everywhere,' wrote one fan. Another chimed in: 'I absolutely applaud that you are your natural, beautiful self. I think you’re a wonderful inspiration for young people.' Cassey hopes viewers who relate to the video's message will share it in an effort to battle body shaming and cyber bullying.","Cassey Ho boasts over two million subscribers on her YouTube channel Blogilates .
The 28-year-old receives hundreds of comments a day telling her that she needs to lose weight .","YouTube star Cassey Ho has responded to critics with a new video that highlights the negative comments left by viewers of her fitness-focused clips. Despite her fans' positive messages, the negative comments have hurt her self-esteem. In her latest video, ""The Perfect Body,"" she examines whether conforming to society's standards is the key to happiness, while also exposing the cruel comments she has received from viewers of her YouTube videos. The video shows her body under a major transformation, but she still doesn't find happiness at the end. Ho hopes viewers who relate to the video's message will share it to battle body shaming and cyber bullying."
"British taekwondo fighter Aaron Cook has confirmed he plans to compete for Moldova at the 2016 Olympics in Rio. Dorset-born Cook, 24, who was overlooked for the Great Britain taekwondo squad at London 2012, applied for citizenship after receiving funding from Moldovan billionaire Igor Iuzefovici and has now received his passport from the small eastern European state. 'I will soon begin a new journey representing the Republic of Moldova at all International competitions and hopefully the Rio Olympic games and beyond, should I qualify,' Cook wrote on his Facebook page. Three time European champion Aaron Cook (right) has refused to fight for Great Britain  since May 2012 . The British taekwondo star has been granted citizenship by Moldova and plans to fight for them in Rio 2016 . 'Although I am upset and disappointed I will not represent my country of birth at another major championships, I felt I had no other option. 'I am a fighter at heart and I am not going to throw away 20 years of dedication because of bureaucracy.' Cook, who fought for Team GB at Beijing 2008, felt he was overlooked for London 2012 - when Lutalo Muhammad, who was selected instead, won bronze - because he decided to quit the British programme in 2011. Cook is aggrieved at being overlooked in favour of Lutalo Muhammad, who won bronze at London 2012 . GB Taekwondo has always denied this, but Cook has refused to compete under the British flag since May 2012 and has fought for the Isle of Man since early 2013. 'It has been an amazing couple of years full of memories, and I would have loved to continue competing under the Isle of Man banner,' Cook said. 'Unfortunately that was never going to be possible as it was made clear to me in May of last year, after winning the European Championships for the third consecutive time, that it would not be possible for me to be selected for Team GB, regardless of my world ranking or performances. Cook competes against Mauro Sarmiento at the Olympic Games in Beijing in 2008 . 'Having received no funding or support from the GB system and financing myself since June 2011, this was not a situation that was acceptable to me and I did not want to put myself, family, friends, supporters or sport through the same situation we were forced to endure at the London 2012 Olympic Games.' Cook hopes to represent Moldova for the first time at the inaugural Baku European Games in June having served the mandatory three-year period since representing a previous country. However, the British Olympic Association could yet block the move and Sportsmail understands it is still in talks over the matter.","Aaron Cook was overlooked by Team GB for the London Olympics .
Taekwondo star has received citizenship from Moldova and plans to fight for them at the Rio 2016 Games .
The British Olympic Association could yet block the move .","British taekwondo fighter Aaron Cook has confirmed he plans to compete for Moldova at the 2016 Olympics in Rio. Cook, who was overlooked for the Great Britain taekwondo squad at London 2012, has received citizenship and funding from Moldovan billionaire Igor Iuzefovici and plans to represent Moldova at all international competitions. Cook has refused to compete for Great Britain since May 2012 and has fought for the Isle of Man since early 2013. Cook hopes to represent Moldova for the first time at the inaugural Baku European Games in June."
"As the countdown continues to Floyd Mayweather's mega-fight with Manny Pacquiao in Las Vegas on May 2, The Money Man's daughter Iyanna Mayweather has shared her thoughts about life in training with her champion father. Mayweather vs Pacquiao will generate revenue upwards of $300 million in what is being billed as the most lucrative bout in boxing history and, ahead of the May showdown, Iyanna Mayweather offered some insight into her dad's intense training regime. 'When I watch my dad train, it's inspiring to me,' she said. Iyanna Mayweather has been spending time in her father Floyd's training camp . Iyanna watches on as her champion dad gets through another gruelling training session . Iyanna says she is amazed by her dad's work ethic in the gym and is amazed by his jump rump skills . 'To work at hard not only at working out, but to work hard at everything. 'I think my dad fighting Pacquiao... it's just another fight in my opinion.' Floyd Mayweather and Pacquiao have been keeping boxing fans updated daily on social media with their training schedules and Iyanna Mayweather explained how impressed she was with her father's work ethic in the gym. 'I like watching my dad jump rope because I've never seen anyone jump rope like that before,' she added. Mayweather posted an update to his Instagram account on Friday as he embarked on another shopping trip . 'It's fun coming to the gym because when dad's not in training camp, the Money team doesn't see each other often so when my dad gets back in training camp, we get back to seeing each other. 'We hang out a lot, we play around, we just have fun outside of the gym. My dad is my best friend.'","Floyd Mayweather will fight Manny Pacquiao in Las Vegas on May 2 .
The bout is expected to generate $300 million in revenue .
Iyanna Mayweather has been in training camp with her father Floyd .","Iyanna Mayweather, Floyd Mayweather's daughter, has shared her thoughts on life in training with her champion father, Floyd Mayweather. Mayweather vs Pacquiao is expected to generate revenue upwards of $300 million and Mayweather and Pacquiao have been keeping boxing fans updated on their training schedules. Mayweather has been spending time in his father's training camp and has been impressed by his father's work ethic in the gym, including his jump rump skills. Mayweather has also posted an update to his Instagram account as he embarked on another shopping trip."
"Arsene Wenger admits he is concerned Theo Walcott’s confidence is plummeting after his struggles with England this week. The Arsenal manager will have a heart-to-heart chat with the forward ahead of Saturday’s crunch top-four clash against Liverpool. Walcott was hauled off after 55 minutes of England’s 1-1 draw in Italy on Tuesday night. Theo Walcott struggled for England and Arsene Wenger admits he is concerned by the winger's confidence . Walcott was replaced by Ross Barkley after just 55 minutes of England's 1-1 draw against Italy on Tuesday . 2 - Premier League goals for Walcott this season - his average haul per season during his time at Arsenal is 5.6. It was the latest disappointment in a difficult season for the 26-year-old, who has struggled for game time since returning from a long-term lay-off due to a serious knee injury. With Alex Oxlade-Chamberlain out of Liverpool’s visit due to a hamstring strain, and Danny Welbeck a major doubt after sustaining a knee problem on international duty, Walcott could start on Saturday. But Wenger said: ‘Yes, I’m worried about Theo’s confidence. He’s sensitive and I’m a bit concerned about the damage that game can have on his mind. Walcott could face Liverpool on Saturday with Alex Oxlade-Chamberlain injured and Danny Welbeck a doubt . ‘He’s not completely there yet (after the injury). But being exposed like that, people have a harsh judgement on him that is not deserved because he does well. ‘At the moment he is frustrated, but that is normal. I will speak with him, but I think he is strong enough. ‘I will see what state of mind he is in. We always have a word, if it is a positive experience or a negative experience, you ask “how did it go?”. We always speak about the last game. ‘He is not fragile mentally, he is strong mentally but he is disappointed because when you come back from an injury you always think you are ready. ‘He needs patience. He is at the moment not in his best mood. ‘He has big confidence in himself and he has gone through some difficult periods in his life and he has always come out with strength.’ Arsenal boss Wenger says he will speak with Walcott but believes the Gunners winger is 'strong enough' Walcott found himself playing in the No 10 role for England in Turin — a role he is not accustomed to. And Wenger admitted he was surprised to see the pacy forward in such an unfamiliar position. ‘Have I ever seen him play No 10 in training or anything? No,’ said Wenger. ‘Theo’s strength is the quality of his movements, he wants to go to get on the end of things. He’s not a guy who provides. ‘I don’t think it was the intention of Roy Hodgson to play him there. It’s maybe because Wayne Rooney took the initiative during the game to play higher up and tell Theo to drop back. ‘I didn’t see Roy Hodgson in the game stand up to say “Walcott, you come and play in midfield and Rooney you go up front”. That’s an initiative they took on the pitch.’ Walcott aims a shot at goal during England's friendly against Italy at the Juventus Stadium in Turin . Walcott was starting his first international game in 18 months having injured his cruciate ligaments . Meanwhile, Wenger insists there are fundamental flaws in FA chairman Greg Dyke’s proposal to increase the number of required homegrown players in Premier League squads to 12. Dyke believes increasing the number of British players in squads will help contribute to a more successful England team. But Wenger said: ‘I believe we are in a top level competition and you earn your right through the quality of your performance rather than your place of birth. ‘Secondly, I’m happy to, and would like to contribute to the quality of the English national team, but you have two questions you can raise before that. ‘First of all between 1966 and 1996 there were no foreign players in England and it didn’t improve too much the performances of the national team. ‘Secondly, if between the ages of 16 and 21 the England youth teams win every single competition in Europe then there is something we have to do because they are not getting their chance at the top level. Wenger believes there are flaws in FA Chairman Greg Dyke’s proposal to increase the homegrown quota . ‘That is not the case, on the contrary. I think between 16 and 21 the English youth teams, until now, have not performed. So that’s the heart of the problem. ‘Let’s get better at that level, then if there is a problem integrating these players in the top teams, we have to do something about it. ‘I think today you have to be very brave to integrate young players in the top teams because the pressure is very high. I still believe when they are good enough, they play. ‘You speak about Raheem Sterling and Harry Kane. Nobody stops the quality, no matter where they are from. So let’s focus on that first.’","Arsene Wenger will have chat with Theo Walcott ahead of Arsenal clash .
Walcott was substituted after 55 minutes of England's draw with Italy .
Arsenal boss is Wenger is concerned by the winger's confidence .
The Gunners take on Liverpool at the Emirates Stadium on Saturday .","Arsene Wenger expresses concern over Theo Walcott's confidence after his poor performance for England, and will speak with the forward ahead of Saturday's match against Liverpool. Walcott struggled in the No. 10 position for England, and Wenger admits he was surprised to see the player in that role. Wenger believes there are flaws in FA chairman Greg Dyke's proposal to increase the number of homegrown players in Premier League squads, and believes that the quality of performance is the key to improving the national team's performance."
"An Australian doctor is the face of the latest Islamic State propaganda video in which the terrorist organisation announces the launch of its own health service in Syria. The propaganda video shows a man with an Australian accent who calls himself 'Abu Yusuf' and calls on foreign doctors to travel to the ISIS stronghold Raqqa to help launch the ISHS (the Islamic State Health Service), which appears to be mimicking Britain's National Health Service. The vision shows Yusuf handling babies in a maternity ward while wearing western-style blue surgical scrubs and a stethoscope. SCROLL DOWN FOR VIDEO . An Australian doctor who calls himself 'Abu Yusuf' is geatured in the latest Islamic State propaganda video in which the terrorist organisation announces the launch of the Islamic State Health Service . The video's poster shows a cropped image of a doctor, wearing an western-style blue surgical scrubs which appear to mimic Britain's National Health Service . The vision, which is the latest in a string of high budget propaganda videos from the depraved militant group, shows Yusuf interviewed inside the paediatric ward of a Syrian hospital. 'My name is Abu Yusuf. I made hijrah from Australia to the Islamic State to live under the khilafah,’ he says. 'I saw this as part of my jihad for Islam, to help the Muslim Ummah (community) in the area that I could which is the medical field.' He claims to be sad he delayed travelling to Syria for so long. ‘It is disappointing to think how many fellow Muslims brothers and sisters in the medical field, who are doctors and nurses, physios, who are still living in the West and unfortunately the Muslims living here are suffering, not necessary from a lack of equipment or medicine but a mainly a lack of qualified medical care.' Yusuf  is shown monitoring and handling babies in a maternity unit as well as teaching another doctor how to care for the infant patients . The vision is the latest in a string of high budget propaganda videos from the depraved militant group . Yusuf urges foreign Muslims with medical training to come forward and join the latest caliphate initiative. ‘We really need your help. It is not the equipment that we are lacking, it is truly just the staff. Inshallah see you soon.' The video also features an Indian physiologist called Abu Muqatil al-Hindi, who says the physical therapy centre is ‘one of them most important areas that any hospital should have.’ The physiologist says there are already Australian physiologists in the wing, but he encourages more doctors to travel to Syria to help the struggling medical service. The video also features an Indian physiologist called Abu Muqatil al-Hindi, who  encourages more doctors to travel to Syria to help the struggling medical service . Abu Yusuf al-Australi calls upon foreigners with medical training to join the Islamic State's new medical initiative . Australian National University terrorism expert Dr Clarke Jones confirmed the authenticity of the video to Daily Mail Australia. ‘I’m familiar with IS propaganda and this is certainly legit,' he said. ‘The video is interesting because it’s trying to communicate a sense of normalcy within the caliphate. The babies, ambulances and modern medical equipment are a far cry from the barbarity of their other videos.’ ‘In reality, the conditions are not accurate: Syria remains a very hostile environment. But it communicates a major shift in their recruitment.’ Dr Jones believes the group are trying to attract more sophisticated demographic than in the past, when they targeted disillusioned youths. ‘They are asking for foreigners with medical training and an education, and they aren’t trying to lure them for militant purposes. This poses an interesting question: is this still considered radicalisation?’ Nine British medical students have travelled to Syria to work in hospitals in Islamic State-held areas. Pictured from left to right: Hisham Mohammed Fadlallah, Lena Maumoon Abdulqadir and Tamer Ahmed Ebu Sebah . The four women and five men apparently kept their plans secret from their families and fled to Syria .             Left to right: Rowan Kamal Zine El Abidine, Sami Ahmed Kadir and Ismail Hamadoun . The medical students are believed to now be in the ISIS-held area of Tel Abyad,                                                    From left to right: Nada Sami Kader, Mohamed Osama Badri Mohammed and Tasneem Suleyman . The footage, which appeared on social media on Thursday, comes after nine Brritish medical students travelled to Syria last month, claiming they were going to help treat victims of the civil war. The students are all believed to be of Sudanese origin and were studying at a medical school in Khartoum, Sudan. The students have been named as Lena Mamoun Abdelgadir, Nada Sami Kader, Rowan Kamal Zine El Abidine, Tasneem Suleyman Huseyin, Ismail Hamdoun, Tamer Ahmed Ebu Sebah, Mohammed Osama Badri Mohammed, Hisham Mohammed Fadlallah and Sami Ahmed Kadir. Former Melbourne man turned Islamic State recruiter Neil Prakash (above) has featured in recnt propaganda videos . In February, Australia's Attorney-General George Brandis announced an $18 million initiative to battle extremist propaganda. The operation, which will be launched in July, will employ a team of technology experts to assess the impact of online extremist propaganda. The government also plans to seek the help of platforms such as Google, Twitter and Facebook, to counter extremist messages. This week, senior Islamic State commander Abu Khaled al-Cambodi released a propaganda video where he ordered his 'beloved brothers' to 'rise up' and attack targets in Australia. The former Melbourne man was a key figure in police investigations surrounding a plot which was foiled last week which saw teenagers allegedly planning to attack police during today’s Anzac Day ceremony. Police have charged three men over  the shocking plot which would have seen a police officer run over and killed with a knife. Islamic State terrorists (above) are in charge of a large swath of Syria and Iraq and have recruited thousands of foreign fighters .","New video features an Australian doctor called Abu Yusuf al-Australi .
The doctor calls on foreigners with training to join the ISIS health service .
He is seen handling babies while dressed in western-style surgical scrubs .
The video appears to be mimicking Britain's National Health Service .
Nine British medical students recently travelled to Syria to join ISIS .","An Australian doctor, Abu Yusuf, is featured in a recent Islamic State propaganda video that announces the launch of its own health service, the Islamic State Health Service (ISHS). The video shows Yusuf handling babies in a maternity ward and teaching another doctor how to care for infant patients. The ISHS is being launched in Syria, and Yusuf urges foreign Muslims with medical training to join the initiative. The video also features an Indian physiologist who encourages more doctors to travel to Syria to help the struggling medical service. The ISHS is being launched in Syria, and Yusuf urges foreign Muslims with medical training to join the initiative."
"As Prime Minister David Cameron puts it, on St George’s Day  we should ‘celebrate everything it is to be English’. But what does it mean to be English? From the Romans, Saxons and Normans many hundreds of years ago to those from Africa, the Indian sub-continent and the Philippines today, England has always been shaped by migration. To mark St George’s Day today, with a little help from WorldRemit, FEMAIL reveals the seemingly very English things that have actually been brought to England by people from abroad - and you may be surprised by the origins of your favourite things. Scroll down for video . Fish and chips has become a  British institution, as well as a national money-spinner, but it is actually believed to be partly Portuguese and partly Belgian . FISH AND CHIPS . They're a British institution as well as a national money-spinner, but how much do we really know about fish and chips? For most of us, the classic combination of battered fish and chipped potatoes deep-fried in beef fat or vegetable oil is as English as the cup of tea that washes it down. But just as tea originates in India or China, fish and chips is partly Portuguese and partly Belgian. The British can take credit for uniting these two Continental imports and creating a coupling that is loved the world over. One hundred and fifty years ago, in 1860, on the streets of the East End of London, 13-year-old Jewish boy called Joseph Malin had the bright idea of combining fried fish with chips. Joseph's family were rug weavers. To increase the family income they had begun frying chips in a downstairs room of their house. It was Joseph's idea to combine the chips - at that point a novelty in London - with fish from a nearby fried fish shop. Fried fish already had a long history in London. In a letter written at the end of the 18th Century, future American President Thomas Jefferson described eating 'fried fish in the Jewish fashion' on a visit to the capital. Battered fried fish had first arrived in London 200 years earlier with Jewish refugees from Portugal and Spain. They brought with them a way of cooking fish that would eventually become as British as Sherlock Holmes. The actual origins of polo are unclear but historians are convinced it originated in Persia or amongst the Iranian tribes of Central Asia and was introduced to Brits by locals in the Indian state of Assam . By the 1830s, the imported novelty had established itself firmly as a favourite among London's poor. It was tasty, cheap and filling and could be eaten hot or cold. In 1846, a Jewish cookbook published in London included a recipe for fried fish. Eight years later, A Shilling Cookery For The People by French chef Alexis Soyer contained the first printed recipe for 'fried cooked potatoes'. The seal of respectability came when Victorian cook Eliza Acton, the forerunner of Mrs Beeton, suggested eating fried fish with vinegar to sweeten the taste. No one knows exactly how and where chips first originated. The most popular story credits a poor Belgian housewife from the Meuse Valley with their invention. In the winter of 1680, the river froze. Unable to get hold of any fish for her family, she cut potatoes into fish shapes and fried them instead. POLO . Is anything more English than rubbing shoulders with the high-rollers at a polo match at the height of summer? The actual origins of the game are unclear but historians are convinced it originated in  Persia or amongst the Iranian tribes of Central Asia. The first-ever recorded polo tournament was way back in 600BC when the Turkomans beat the Persians in a match. The game of polo spread quickly across the eastern world and became popular among Indians, who were introduced to the sport by the early Mohammedan invaders in the 13th century. Did you know that the tea bag was accidentally invented by a New York tea merchant? Yet English plantation owners actually learned polo from locals in the Indian state of Assam in the 19th century. Later popularised by royalty, it became the sport of wealthy Englishmen. TEA . We all know the English love a good cuppa. A lot of people know that tea was first grown in China, which was then taken to India by the British. But did you know that the tea bag was accidentally invented by a New York tea merchant? Invented by tea merchant Thomas Sullivan in New York City in June 1908, they can now be found in virtually every one of Britain's  homes. But if it wasn't for a handful of confused Americans, the tea bag may never have made it into our cups at all. They came about only after Mr Sullivan, in an attempt to cut costs, sent samples of tea leaves to potential customers in small silk pouch-like purses. Unsure quite what to do with the strange little bag, the Americans dunked it into a cup of hot water. And so was born the tea bag. After complaints that the mesh on the silk was too fine, Mr Sullivan developed sachets made of gauze - a method which was instrumental in today's tea bag design. But it was not until 1953, when British tea producer Tetley spotted the commercial potential of the bag, that it began to take off here. The firm now sells around 200million tea bags every week. PUBS . Long have the British population relished a pint in the local pub, but their creation is all thanks to the arrival of the Romans almost two thousand years ago. When they created the Roman road network, they opened little inns where a passer-by could enjoy a refreshing beverage en route to their destination. Originally called Tabernae, they began selling food and wine as well as ale. After the departure of the Romans, Alehouses began opening up all over the country. Saint George himself is thought to have been born in Syria during the late third century between about 275 AD and 285 AD . ST GEORGE . Believe it or not, even Saint George himself is thought to have been born abroad during the late third century between about 275 AD and 285 AD. Although historians have argued the Roman soldier's place of birth for over a century, it is believed that Saint George was born to a Greek Christian noble family in Syria. ENIGMA CODE . To many, the name Bletchley Park is synonymous with code-breaking glory by the British during World War Two. After all, it was there that Englishman Alan Turing and his team of mathematicians cracked the ciphers of the Nazis' Enigma machine - a feat credited with shortening the war by two years - and one depicted in award-winning movie The Imitation Game starring Keira Knightley and Benedict Cumberbatch. But in 2012, the Polish Government launched a campaign to highlight the important - and overlooked - role played by its nation in solving the Enigma code. Poles claim that Polish code breakers in Warsaw were the first ones to break Germany’s Enigma code by understanding the mathematics, left. People from Liverpool, like the Rooneys, right, are often called 'Scousers', which is short for ‘Lobscouse’, which was a Scandinavian stew eaten by the sailors who visited the port . In 1932, a group of cryptologists from the Polish Cipher Bureau - Marian Rejewski, Jerzy Rozycki and Henryk Zygalski - discovered three ways of deciphering Enigma readings. Seven years later, just before war broke out, the Poles handed over their knowledge of the Enigma codes, as well as Polish-built replicas of the machines, to British and French Intelligence officers near Warsaw. SCOUSERS . People from Liverpool are often called ‘Scousers’. The name is short for ‘Lobscouse’, which was a Scandinavian stew eaten by the sailors who visited the port. Local families adopted the dish, and the name stuck.","Fish and chips has believed to be partly Portuguese and partly Belgian .
The tea bag was accidentally invented by a New York tea merchant .
Saint George himself is thought to have been born in Syria .","The document discusses the origins of various English things, such as fish and chips, polo, tea, pubs, and St. George, and highlights the contributions of people from abroad to these traditions."
"A 13-year-old Indian girl faced with an arranged marriage has written a letter to her teacher begging her to stop the wedding (stock image above) A 13-year-old Indian girl faced with an arranged marriage has written a letter to her teacher begging her to stop the wedding. Duli Hembrom wrote to the principal of Milan Mithi Uchha Vidyalaya after failing to convince her parents to call off the wedding, which is due to take place in two days. She wrote: 'I do not want to get married, I took an oath at the time of admission that I will not get married before I turn 18.' She added that she wanted the teacher to stop the marriage 'whichever way possible', the India Times reported. It is thought the 'oath' Duli refers to is the school's promise she had to make when she started, but exactly what it included is not known. Her father Lachhu, who lives in Gudibanda with Duli's mother, said child marriage was a common phenomenon in their society. He told the Hindustan Times that it was difficult to find a suitable match for a grown-up girl. The Child Marriage Restraint Act, passed in India during British rule in 1929, specified that a girl must be 18 and a boy 21 before they can wed. But the country has the second highest number of child marriages, according to a UN report. Nearly 52 per cent of girls are married before reaching 18 years old, Indian records show. Between 2011 and 2020 more than 140 million girls will become child brides globally, analysts estimate. Aarati Benera, a women’s rights activist, described child marriage as 'illegal and a social evil'. The Child Marriage Restraint Act, passed in India during British rule in 1929, specified that a girl must be 18 and a boy 21 before they can wed. Above, women and girls sit waiting to be married in a mass wedding ceremony in India . Despite numerous campaigns from many of the world's largest charities and NGOs, the issue of child brides remains a global concern. In 2013 there were around 57.5 million child brides across the world, 40 per cent of which married in India. This is despite the Child Marriage Restraint Act, passed  during British rule in 1929, specifying that a girl must be 18 and a boy 21 before they can wed. Meanwhile, in Africa, 42 per cent of girls were married before turning 18 compared to 29 per cent in Latin America and the Caribbean. The number of child brides is estimated to rise to 140 million by 2020 if current trends continue, 18.5 million of which will be under 15 years old, analysts warn. Statistics show that girls living in poor households are almost twice as likely to marry before 18 than girls in higher income households. And girls younger than 15 are also five times more likely to die in childbirth than women in their 20s. Aarati Benera, a women’s rights activist, described child marriage as 'illegal and a social evil'.","Duli Hembrom wrote to the principal at Milan Mithi Uchha Vidyalaya .
Said parents refused to cancel the wedding and did not want to go ahead .
Child Marriage Restraint Act specifies a girl must be 18 before she can wed .","A 13-year-old Indian girl named Duli Hembrom wrote a letter to her teacher to stop her arranged marriage, which is due to take place in two days. She had taken an oath at the time of admission that she would not get married before turning 18. The Child Marriage Restraint Act, passed in India during British rule in 1929, specifies that a girl must be 18 and a boy 21 before they can wed. However, the country has the second highest number of child marriages, and nearly 52 per cent of girls are married before reaching 18"
"Hillsborough investigators have launched an appeal to track down  fans who tended to the wounded as they lay dying on the pitch at the 1989 disaster. Photographs which show the men and woman rushing towards those crushed in the tragedy have been released, with investigators urging anyone who recognises them to come forward. They form part of an ongoing Home Office inquiry aiming to establish whether any individual or organisation was to blame for the disaster which claimed the lives of 96 Liverpool fans. Issued on behalf of the Coroner Sir John Goldring, the people in the photographs may be able to tell victims' families' more about how they died, officials said. Investigators have released these images of football fans who were pictured carrying the wounded on stretchers and tending to others at the 1989 Hillsborough disaster . Police say the 'unusual' appeal  is necessary as those photographed may be able to answer questions of the victims' families . 'It is important to stress that we believe these people can help the Coroner’s inquest process,' said Assistant Commissioner Jon Stoddart of Operation Resolve, the police force set up to look into the disaster. 'I know these pictures are 26 years old but if anyone does recognise the people we need to speak to then I would urge them to get in touch immediately. 'There are still many questions that the families of the 96 have and we believe that these people may be able to provide answers to some of those questions.' Ninety-six people died at the disaster after Liverpool fans in one section of the football grounds became crushed. Previous inquests which recorded conclusions of accidental death were thrown out at the High Court in 2012 after years of campaigning by the families of those killed. The Home Secretary Theresa May launched a fresh probe into the disaster the same year. Investigators hope members of the public may recognise some of those pictured in the appeal released today . While the images are 26 years old, investigators believe they may help track down key witnesses. Above, a man in a dark coloured jacket (left) and another in a beige jacket and grey hooded sweatshirt (right) who police believe may be able to help . Another of the fans in a distinctive white and red hat and a man seen tending to one of the wounded as they lay helpless on the football pitch (right) A man in a light denim jacket with long brown hair (left) is another person investigators believe may be able to help. Right, another person pictured in the appeal who was stuck behind the enclosure where fans were crushed . Another fan pictured in the appeal. Anyone with information about those pictured is urged to contact Operation Resolve officers . While officers said it was 'unusual' to carry out such appeals as today's while legal proceedings are active they invited anyone who recognised the people photographed to make contact. 'I have a team of highly trained staff in place who will deal with witnesses sensitively as we understand how difficult some people will find this,' added Mr Stoddart. 'The Operation Resolve website also contains useful contacts should members of the public require welfare assistance. 'It is unusual to carry out an appeal of this nature during an ongoing legal process such as the inquests and for that reason I urge people to remember the warning issued by the Coroner at the start of the fresh inquests, which he reiterated in February 2014. 'I also urge people to consider the advisory notice issued by the Attorney General’s office on 10 March 2014. 'It is really important that people do not pass comment on our appeal or any other aspect of the Hillsborough disaster on social media and forums.' Among those to have already given evidence at the inquest in Warrington are the families of those killed and police officers working at the time. The inquest continues. Ninety-six people were killed in the 1989 disaster (above). The conclusions of previous inquests were thrown out in 2012 with the Home Office launching a fresh probe . Sorry we are not currently accepting comments on this article.","Investigators have released a handful of photographs to help inquiries .
They show fans rushing to tend to the dying as they lay on football pitch .
Police say the people photographed could address unanswered questions .
A Home Office probe into 1989 disaster which claimed 96 lives is ongoing .
Anyone with information is urged to call 08000 283 284 or visit www.operationresolve.co.uk .
Anyone who can identify any of the people in the images should call Operation Resolve on 08000 283 284 or via the website www.operationresolve.co.uk .",The Hillsborough disaster in 1989 resulted in the deaths of 96 Liverpool fans. The Home Office is investigating the disaster and has released photographs of football fans who helped tend to the wounded during the tragedy. The appeal is necessary as the families of the victims may be able to answer questions about how they died. The inquest is ongoing and the families of the victims have already given evidence.
"(CNN)Sunday's announcement that Corinthian Colleges Inc. would shut down all of its remaining 28 campuses is a positive development in a long struggle to hold for-profit colleges accountable. Corinthian, which once enrolled more than 70,000 students, is one of the worst of the ""predator colleges"" -- schools that offer dubious degrees, saddle students with high amounts of debt and gobble up tens of billions of dollars in federal money every year. Many of these schools are for-profit career colleges that operate mostly online. It's no wonder that Corinthian is doing this after the U.S. Department of Education curtailed its access to federal student aid last summer. There are about 1.3 million students enrolled in for-profit colleges, many of which have questionable track records, and their students need help transitioning into legitimate postsecondary schools. With Uncle Sam's student loan debt sheet topping $1 trillion, we literally can't afford to continue funding for-profit colleges -- which reportedly get 86% of their funding from federal student loan money. For those not familiar with the for-profit college fiasco, here's the whole story in one telling statistic: While for-profit colleges enroll only 13% of the nation's college students, such colleges account for nearly half of all student loan defaults, according to Department of Education statistics. For comparison's sake, the default rate of for-profit college students is worse than the default rate of the worst subprime borrowers during the financial crisis. How do these colleges operate? It's deviously simple: Convince low-income students into borrowing tens of thousands of dollars through easy federal student loans, keep costs low through online classes and part-time professors, and watch the money roll in. The aggressive tactics of these colleges boggle the mind. Recruiters are told to make 100 phone calls and leave 100 messages a day, according to a ProPublica investigation. I can personally attest to the aggressive tactics. My phone number was accidentally placed on a call list for a for-profit college recently, and I received so many calls per day that I had to ask my wireless carrier to block the phone number. Stopping the exploitation of students isn't easy. The for-profit college business is a multibillion-dollar industry. The CEOs of these companies make millions of dollars a year, employ an army of lobbyists and donate money to both political parties. But the past two months brought a new twist to the crisis. Hundreds of graduates of the now-defunct Corinthian joined a ""debt strike,"" publicly declaring their refusal to pay back their loans. In response, Education Department Secretary Arne Duncan signaled a willingness to forgive loans of Corinthian graduates who have crushing debt and no job prospects. Now that Corinthian is finally shutting down, we must finish the job. The remaining for-profit colleges should be closed. Any student not gainfully employed or transferred to a reputable college within three years should be considered a victim, and their debts should be forgiven. Yes, ""victim"" is the right word. If these degrees actually helped people get jobs, we should be celebrating them. But according to a jaw-dropping report by the Education Department, the average graduate of an online for-profit college makes less than a high school dropout. Not the equivalent of a high school dropout. Less than a high school dropout. The real-life misery caused by predatory colleges is painful to hear about. One Corinthian graduate has $37,000 in debt for his computer science degree, but he can't even get a job at Best Buy, according to Slate. Another graduate, $33,000 in debt, has a medical assisting degree, but she gave up on finding employment in her field. She waits tables now, The Chronicle of Higher Education says. I can already hear your next question. If for-profit colleges are this terrible, are they at least cheaper? No. In fact, their cost is reportedly around 60% higher than a comparable degree from a public college. What's even more frustrating is that we've known about the shenanigans of these predator colleges for years. A 2011 report by the Government Accountability Office found widespread rule breaking by the largest for-profit colleges -- everything from accepting fictitious high-school diplomas to encouraging plagiarism and cheating. In one example, an undercover federal investigator posing as a student was told by a professor, ""It's not hard to get a 100% on the second try; just jot down the correct answers and take the quiz again,"" according to The New York Times. In 2013, Career Education Corp. paid $10 million to settle charges by the state of New York regarding phony job-placement claims. All told, no fewer than 36 state attorneys general were investigating for-profit colleges in 2014. After selling off 95 of its campuses last year, Corinthian said on Sunday that it tried unsuccessfully to sell the remaining 28 campuses, blaming the failure on ""federal and state regulators seeking to impose financial penalties and conditions"" on potential buyers. You can't hide your bad behavior forever, and the questionable practices of many for-profit colleges are starting to catch up with them. Enrollment at the University of Phoenix -- the largest for-profit college in the United States -- has fallen by half, to about 213,000. We laid the smackdown on predatory lenders during the financial crisis, and it's time to do the same thing with for-profit colleges. To keep predator colleges from wrecking our faith in the college degree -- still the best pathway to a middle-class life -- we need to act now. For-profit colleges have flunked their final exam. Now it's up to their rich benefactor, Uncle Sam, to make sure they don't go back to school in the fall. Editor's Note: An earlier version of this article said the San Diego campus of the University of Phoenix had been banned from enrolling military veterans last year; that issue has been resolved.","David Wheeler: Corinthian, considered a ""predator"" school, will shut down campuses .
Wheeler: Students of for-profit colleges are hapless victims; their debts should be forgiven .","The announcement of Corinthian Colleges Inc. shutting down all of its remaining 28 campuses is a positive development in the struggle to hold for-profit colleges accountable. Corinthian is one of the worst ""predator colleges"" that offer dubious degrees, saddle students with high amounts of debt, and gobble up tens of billions of dollars in federal money every year. The for-profit college business is a multibillion-dollar industry, and the CEOs of these companies make millions of dollars a year, employ an army of lobbyists, and donate money to both political parties. The past two months brought a new twist to the crisis, with hundreds of graduates"
"Bayern Munich legend Franz Beckenbauer believes Jurgen Klopp could succeed Pep Guardiola at the Allianz Arena. Klopp, who won two Bundesliga titles in seven years, has confirmed he will leave Borussia Dortmund in the summer. And Beckenbauer believes the 47-year-old would be the perfect fit for Bayern when Guardiola, who has a contract until the summer of 2016, moves on. Franz Beckenbauer believes Jurgen Klopp could succeed Pep Guardiola at Bayern Munich . Klopp has already announced that he will be leaving Borussia Dortmund in the summer . Klopp won two Bundesliga title in seven seasons with Borussia Dortmund despite being dubbed underdogs . Beckenbauer, who had two spells as manager at Bayern, told Sky: 'Of course I could imagine Klopp as Guardiola's successor. 'When I was president, we often talked about Klopp and believe he would fit very well at Bayern. 'Klopp is definitely an option at Bayern. The question is, how long Guardiola will be in Munich. I hope for a long time, but Klopp would be considered. 'I can't imagine that Guardiola would leave in 2016. He likes Munich. He has had success with the team and he knows that he can succeed in the future. He has everything he wants.' Guardiola's side were named Bundesliga champions on Sunday and the Spaniard will be hoping to continue the quest for silverware when he faces former club Barcelona in the Champions League. Beckenbauer has tipped Klopp (left) to replace Guardiola at the Allianz Arena in the future . Beckenbauer believes only a fully fit squad will get passed Lionel Messi and co in the Champions League . Bayern were given arguably the hardest draw of the competition when they were pitched against the Catalan club and Beckenbauer believes only a fully fit Bayern Munich can beat messi and co. He said: 'Messi is a divine player. The whole team stands and falls with Messi. If Bayern manage to take Messi out of the game then they have a chance. 'If you really want to have a chance against Barcelona, ​​then you need to have a complete team. You need Franck Ribery, David Alaba and Arjen Robben.' Bayern legend Beckenbauer believes Franck Ribery (left) and Arjen Robben (right) could be key against Barca .","Franz Beckenbauer thinks Jurgen Klopp could be next Bayern Munich boss .
Klopp has already confirmed he will leave Borussia Dortmund this summer .
Beckenebauer believes Klopp has what it takes to replace Pep Guardiola .
Guardiola has a contract until 2016 but has been linked with a move away .","Bayern Munich legend Franz Beckenbauer believes Jurgen Klopp could succeed Pep Guardiola at the Allianz Arena. Klopp has already announced that he will be leaving Borussia Dortmund in the summer. Beckenbauer believes the 47-year-old would be the perfect fit for Bayern when Guardiola, who has a contract until the summer of 2016, moves on."
"Faris Al-Khori, 62, was found with a hoard of explosive ingredients and recipes for bombs in his flats . A former Syrian doctor has been jailed after police discovered a hoard of explosive ingredients and bomb-making instructions at his home. Faris Al-Khori had dozens of chemicals, poisonous materials, bolts and handwritten notes on how to make a bomb, a court heard. The equipment was found purely by chance in April last year after a fire at a block of flats in the Muirhouse area of Edinburgh. Firefighters, who were responding to a 999 call over a fire within a rubbish chute on the 11th floor, had forced entry to a flat registered to Al-Khori and found jars containing various powders. Castor beans, which can be used to make ricin, were also found. The building was evacuated while the police and army Explosive Ordnance Device (EOD) experts were called in to test the substances - some of which were years old. Al-Khori also had a small amount of a highly volatile explosive lead picrate which was so dangerous that the Forensic Explosives Laboratory refused to take delivery of it and it was destroyed. A search was carried out at a further block where the 62-year-old lived with his wife in Leith and a further haul of material was recovered. Both blocks of flats were evacuated and the areas around them sealed off. Al-Khori said the materials were used for cleaning and as fertiliser but in February he pleaded guilty to a breach of the 1883 Explosive Substances Act. Police seized bomb-making instructions and equipment including a bag containing an electrical circuit (pictured) from the properties . Two Coleman's Mustard jars were found being used to store a small amount of a highly volatile explosive, lead picrate . Sentencing him to three years and four months in prison, Judge Lady Wolffe said: 'You assembled large quantities without lawful purpose and some were stored in a high rise flat in a densely populated area. 'The number and nature of the explosive substances and the places you chose to store them lead me to conclude there is no alternative to a custodial sentence.' The court heard that much of the bomb-making equipment, which also included electrical circuits, had been ordered from online retailers. Defence QC Brian McConnachie said: 'What seems to be clear from the narrative and material is that it has been directly ordered from legitimate companies, mainly through Amazon. 'The material has always been delivered to domestic addresses and paid for by genuine credit cards registered to Mr al-Khori. 'It has always been done in the open and over a period of time. Many of the items have never been opened. Al-Khori pleaded guilty to a breach of the 1883 Explosive Substances Act after officers seized dozens of explosive ingredients . 'It is difficult to understand the hoarding of this material but it does appear that he is someone who has some kind of academic interest in the materials. 'It seems he has accumulated materials with some kind of peculiar interest in the subject without ever intending to do anything or make anything.' Detective Superintendent David Gordon, who led the investigation, said: 'This was a significant and complex inquiry for Police Scotland, to safely deal with these volatile items and seek to establish Al-Khori's motives for storing them. 'A thorough investigation by the Organised Crime and Counter Terrorism Unit and Crown Office found no known links to terrorist offences and we believe Faris Al-Khori was acting independently. However, he showed utter disregard for the occupants of both buildings. 'Thanks to the swift actions of our partners in the Fire Service and armed forces, we were able to quickly assess the contents of the flats and make them safe by removing a number of items for forensic examination or controlled explosion. The items from the flats in Edinburgh were discovered by chance during a fire within the rubbish chute which was then evacuated whilst the items were recovered . 'I am also grateful to the City of Edinburgh Council for their work to re-house vulnerable residents whilst we carried out our searches. 'Public safety was at the forefront of our response to this incident and all agencies worked together to minimise any risk to the public. 'Al-Khori's activities went unnoticed for many years, demonstrating the importance of community vigilance in our efforts to keep Scotland safe. 'Counter terrorism is one of Police Scotland's highest priorities, and whilst Al-Khori has no such known links we will always treat all information received with the utmost importance where any risk to the public is identified.' Al-Khori, who was born in Damascus and raised in a Christian family, trained as a doctor in Iraq but has never practised medicine in Britain after arriving here in 1984. He was the full-time carer for his wife, who suffers from schizophrenia, and has had British citizenship since 1998. Police and army Explosive Ordnance Device (EOD) experts had to be called in to remove the explosive materials . Lindsey Miller, the Crown Office's Procurator Fiscal for Organised Crime and Counter-Terrorism, added: 'The conviction of Al-Khori is a good example of agencies working closely together to protect the public. 'Al-Khori possessed a significant number and volume of explosive substances across two properties in Edinburgh as well as recipes for explosives. 'We worked closely with Police Service of Scotland and other agencies to prepare the case to ensure that Al-Khori was brought to justice.' 'I want to reassure the people of Scotland that we take any such offences extremely seriously, and our specialist prosecutors will continue to treat them as an absolute priority.'","Faris Al-Khori, 62, was found with dozens of bomb-making ingredients .
Police found chemicals, nails, ball bearings, toxic beans and instructions .
Discovery made during a fire at his block of flats in Edinburgh last year .
He pleaded guilty and was sentenced to three years and four months in jail .","A 62-year-old man was found with a hoard of explosive ingredients and bomb-making instructions in his flats, including castor beans and a small amount of a highly volatile explosive. He was jailed for three years and four months after pleading guilty to a breach of the 1883 Explosive Substances Act. The materials were ordered from online retailers and stored in high-rise flats in Edinburgh. The case highlights the importance of community vigilance in keeping Scotland safe."
"David Cameron will say that high taxes are 'immoral' as 14 million working households receive a tax cut . David Cameron will say today that high taxes and wasteful government spending are ‘immoral’ as millions receive a tax cut. As 14million working households – more than nine in ten – are given an average boost of £200 a year to their incomes, the Prime Minister will set out the Conservative case for people keeping more of their own money – because they ‘know best’ how it should be spent. And he will make a bold argument for continued lower taxes, with less spent on ‘bureaucracy’ and ‘crackpot Government schemes’. ‘There is no such thing as public money, there is only taxpayers’ money,’ he will say. ‘And we believe it’s people – not politicians – who know best how to spend their own money. And that’s what today is all about.’ He will add that it is ‘wrong – frankly immoral – for Government to spend money like it grows on trees’. Among the raft of changes coming into effect today, on what Mr Cameron will dub ‘money back Monday’, are: . Other measures to encourage saving will also begin, with the Isa limit increasing to £15,240 and the 10p savings tax band abolished. Treasury analysis shows the changes will benefit 14million working households to the tune of £17 a month. And nearly million pensioner households – more than nine in ten – will benefit by £15 a month. Middle income households earning around £23,000 a year will benefit the most, and the top ten per cent of earners the least. Today will also see the abolition of the old pensions annuities, allowing retirement money to be accessed like a current account. Mr Cameron will say the changes make Britain a ‘better and fairer place to live’, adding that low taxes ‘go to the heart of what I believe as a Conservative. ‘For me, there’s the economic case: That, in a competitive world, we need to incentivise work by making it pay. ‘There’s the progressive case: That the best way to help with living standards is to let people keep more of the money they earn. ‘But above all, there is the moral case: That it is wrong – frankly immoral – for Government to spend money like it grows on trees.’ He will also pledge to eliminate the deficit ‘without reaching into working people’s pockets like Labour would’. However, in a speech in Yorkshire, Shadow chancellor Ed Balls will point to figures from the Institute for Fiscal Studies showing families are £1,100 a year worse off over the past five years as a result of government tax and spending changes. And he will warn that the Conservatives will raise VAT. Mr Balls will say: ‘David Cameron and George Osborne are going round the country telling people they’ve never had it so good. How out of touch can they get? ‘The truth is millions are worse off because of this government’s choices. ‘And while millions are paying more, millionaires are paying less. Two years ago today they gave the top one per cent of earners in our country a £3billion a year tax cut.’ Shadow chancellor Ed Balls will point to figures from the Institute for Fiscal Studies showing families are £1,100 a year worse off over the past five years as a result of government tax and spending changes . The Lib Dems said that the changes to income tax had been part of their manifesto and said Labour would cost 24million taxpayers £340 a year. Deputy Prime Minister Nick Clegg will say today: ‘In government, we secured a tax cut totalling £825 every year for millions of ordinary working people. We now plan to take this further, raising the [tax-free personal allowance] threshold to £12,500 and giving millions of people a further tax cut worth nearly £400.’","More than nine in ten working households will receive a tax cut from today .
Personal allowance rising to £10,600 - putting extra £17 a month in pockets .
Cameron due to set out case for people keeping more of their own money .
He will argue for continued lower taxes, with less spent on ‘bureaucracy’
A rise in the personal allowance from £10,000 to £10,600.
The first increase in the 40p higher threshold – in line with inflation – for five years.
The £1,060 Marriage Tax allowance, which benefits traditional couples where one parent does not work.
A one per cent increase in working age benefits.","David Cameron will argue that high taxes and wasteful government spending are immoral, as millions receive a tax cut. The Conservative Party will also make a bold argument for continued lower taxes, with less spent on bureaucracy and ""crackpot Government schemes."" The Prime Minister will add that it is wrong for the government to spend money like it grows on trees. However, Shadow Chancellor Ed Balls will point to figures from the Institute for Fiscal Studies showing that families are £1,100 a year worse off over the past five years as a result of government tax and spending changes."
"Police say they have no objections to the late afternoon kick-off for Sunday's Manchester derby at Old Trafford. With plenty at stake for both United and City – both sides are challenging for a top-four spot in the Premier League – some may feel that the 4pm start could be unwise as it allows supporters more time in the pub. However, the man in charge of patrolling the sell-out clash has no such fears. Police say they have no objections to Sunday's Manchester derby taking place in the late afternoon . Chief Superintendent John O'Hare says the kick-off was agreed by all parties and revealed that the decision is down to good behaviour from supporters of each side. 'We have not objected to the 4pm kick-off time at all,' he told Sportsmail. 'That 4pm has been agreed is testament to the excellent behaviour of the overwhelming majority of fans who have attended previous derby fixtures. 'It is the positive behaviour of both sets of fans at previous derby fixtures that means we feel confident this Sunday’s fixture will continue that tradition of the fixture being a safe and enjoyable one.' Rio Ferdinand was hit by an object thrown from the crowd during the Manchester derby in December 2012 . In February, Merseyside Police launched a legal challenge after the Everton v Liverpool match, which was also televised, was chosen for a 5.30pm start although they later withdrew their objection. Police in Manchester have met representatives from supporters groups representing each club and agreed a series of measures. Inside the ground fans in and close to the away end will be limited to two drinks every time they visit the bar. No street drinking will be allowed while police will also be searching supporters and keeping an eye out for pyrotechnics. GMP also say they have no intention to hold back City supporters at the final whistle but add that this could be reviewed on the day. Footage on You Tube showed the unrest when United played City in a late kick-off at Wembley in 2011 . City won that FA Cup semi-final, but 34 arrests were made due to crowd trouble outside the stadium . The last time United and City met in a late kick-off for a weekend match was in the FA Cup semi-final at Wembley in 2011. That clash, won by City 1-0, started at 5.15pm and was marred by a series of skirmishes on Wembley Way and on coach parks close to the stadium with 34 arrests made amid scenes some fans described as 'a free for all'. The last late afternoon kick-off in Manchester was for a 0-0 draw at Old Trafford in 2004. After November's derby at the Etihad Stadium, won 1-0 by City, video footage captured dozens of fans fighting outside a nearby pub around 90 minutes after the final whistle. In April 2012, Vincent Kompany's header settled the derby in a match that was played on a Monday night at the Etihad Stadium.","Manchester United take on Manchester City on Sunday .
Match will begin at 4pm local time at United's Old Trafford home .
Police have no objections to kick-off being so late in the afternoon .
Last late afternoon weekend kick-off in the Manchester derby saw 34 fans arrested at Wembley in 2011 FA Cup semi-final .","The Manchester derby between Manchester United and Manchester City will kick off at 4pm on Sunday, with police stating they have no objections to the late afternoon kick-off. The decision was made after discussions with supporters groups from both sides, and the police emphasize that the positive behavior of supporters at previous derby fixtures has led them to feel confident that the match will be safe and enjoyable."
"Crawling commando-style underneath an open-sided Land Rover, I came virtually nose to nose with a 4,500lb horned rhino. I tried to slow my breathing as she looked straight at me. I needed to be calm to take my shot. There were three other rhinos with her and, let's be honest, they're not called a crash of rhino for nothing. I raised my camera and began to photograph what could soon become an extinct pachyderm. The luxurious Ulusaba Game Reserve is  in South Africa's Sabi Sands and is Sir Richard Branson's private reserve . Thankfully the female found my scrawny presence of absolutely no consequence, and instead wandered off in search of tastier herbivorous options. I was with my mate James and we laughed awkwardly as we climbed back into the vehicle. My mum – Sky TV presenter Kay Burley – was sitting statue-still on board, having adopted her best nonchalant expression, but she wasn't fooling either of us. The holiday at Ulusaba, Sir Richard Branson's private game reserve in South Africa's Sabi Sands, was my reward for graduating. I have been on safari before but this was different. I'm an amateur car photographer and wanted to swap taking photos of Ferraris and focus instead on the roar of a bush lion, the yawn of a hippo, the prowl of a glorious leopard or a close-up of a fearless rhino. We achieved all of them. Kutner came face to face with three rhinos, along with documenting the roar of a bush lion, the yawn of a hippo and the prowl of a glorious leopard . Just the day before, we had tracked the crash of rhino on foot. With 1,000 rhinos killed by poachers in South Africa last year alone, they are increasingly difficult to view. Danny, our brilliant tracker, who could find a spelling mistake in a dictionary, had eventually located them, but with dusk fast approaching we reluctantly headed back to the Land Rover. The African bush is not a place to be on foot in the dark. We should know. We'd spent the earlier part of the day up close and personal with a pride of lions. Our ranger, Trevor, steered the Land Rover as close as he dared without disturbing the big cats. The lioness, who could have taken any one of us out with a casual swipe of her front paw, looked in our direction, checked her cubs and allowed us to stay. Trevor, also a photographer, whispered advice on appropriate settings for my Nikon D600 to achieve the best results. Heading back to the luxury accommodation at Cliff Lodge, a two-bedroom apartment within Rock Lodge (Mum described it as glamping but with solid walls, luxury furnishings, soft sheets and a chef to conjure up our favourite food), we talked about all the other animals we wanted to see, if possible. Alexander Kutner with mum, Sky TV presenter Kay Burley, at Ulusaba, Sir Richard Branson's private game reserve in South Africa's Sabi Sands . Trevor said he and Danny would try but couldn't promise anything. Nevertheless, given the conservation, ecology and anti-poaching work being carried out by Ulusaba and adjoining camps, we were feeling confident. The following day we found ourselves slap bang in the middle of a herd of buffalo, mean-looking guys who glare at you as if you owe them money. Danny, who will happily track on foot for lion, leopard, elephant and rhino – four of the Big Five – makes an exception for buffalo. Alexander said a lioness looked in his group's direction, checked her cubs and allowed them to stay . Trevor started up the engine and we moved on. Pausing at a watering hole, we were delighted to see two young male elephants wandering towards us. They made their way into the water and proceeded to perform for us – a photographer's dream! We returned to the lodge to relax and sort through the hundreds of photos we'd captured. Chef served up kudu burgers for lunch. We'd seen plenty of these handsome antelope during our morning game drive… and Mum decided to pass on that meal. Ulusaba means 'place of little fear'. That's because the koppie where Rock Lodge sits provided the ancient Shangaan warriors with the perfect lookout point . Trevor wondered what else we'd like to see. 'Cheetah, please,' we cried. He took us on a long, bumpy drive to the wide-open plains where cheetah can run free in their hunt for food. They are extremely rare in this area of the Sabi Sands and, despite hour after hour of tracking, there were no paw-print clues. However, Trevor had one last surprise. Danny heard the call of a honey bird and a solitary warning from an impala antelope. These led him on foot to a pair of leopard cubs frolicking up a tree. There is no sighting quite as magical as a leopard, and six-month-old cubs are the perfect age to provide incredible images of their playful behaviour. Eventually, with a heavy heart and my camera packed away, we left the African bush. Until the next time... Virgin Holidays and Hip Hotels (vhiphotels.co.uk, 0844 573 2460) offers five nights at Ulusaba Safari Lodge from £2,669 per person. This includes return flights to Johannesburg, internal flights and all-inclusive accommodation. The price is based on a June 8 departure.","Alexander Kutner travelled with his Sky presenter mum, Kay Burley .
They stayed at the Ulusaba reserve in South Africa's Sabi Sands .
The  stay at Cliff Lodge had luxury furnishings, soft sheets and a chef .","The author, Alexander Kutner, was able to photograph a horned rhino and other animals in South Africa's Sabi Sands, including a bush lion, hippo, leopard, and buffalo. The holiday was a reward for graduating and the author was able to track lions, rhinos, and elephants on foot. The author was able to photograph cheetahs and leopard cubs in the Sabi Sands."
"The mother of a pregnant woman who woke up from a four-month coma earlier this month said she knew doctors were wrong when they told her that her 20-year-old daughter wouldn't wake up. Anna Moser's daughter Sharista Giles of Sweetwater, Tennessee, was driving home from a concert in December with friends when a car accident sent her to the hospital with injuries so bad doctors believed she would never recover. She was five months pregnant at the time and in January doctors were forced to deliver the baby early, a little boy the family has named Leighton Isiah Giles. Scroll down for video . Twenty-year-old Sharista Giles (left) of Sweetwater, Tennessee, went into a coma in December after a car accident. Her mom, Anna Moser (right), said that she believed her daughter would wake up even when doctors said she had a two-per cent chance of recovery . Giles (right) opened her eyes earlier this month. Though she is still nonverbal, Moser (left) talks to her daughter every day . Though Giles was given a two-per cent chance of recovering, Moser was confident her daughter would wake up. When Giles finally did open her eyes, Moser said her daughter wasn't herself it appeared that she wasn't sure what was going on around her. But she soon began following her father's movements around the room. Then, her father showed her a photo of her son. 'He showed her a picture of her baby, and she followed the picture,' said her mother, Beverly. 'When he turned around to put it back on the bulletin board, she turned her neck, her whole head trying to follow and find the picture again.' And Moser remained hopeful, but not entirely optimistic, until she started speaking to Giles a few nights ago. 'I said, ""If you could get out of that bed right now, I could take you home,"" and her head come up. And she had never did that, it was plumb off the bed,' Moser told WATE. 'That's when I knew.' Giles was five months pregnant when she fell into the coma. In January doctors were forced to deliver the baby (pictured in utero, right) early, a little boy the family has named Leighton Isiah Giles . Moser said she now speaks to her daughter every day and shows her pictures of Leighton. And though Giles is still nonverbal, Moser believes her daughter hears her. 'I finally have not a doubt in my mind. And I needed that,' she said. 'It's a process. But I know, I know, it's truly a miracle. It's truly a miracle.' Giles has yet to meet her baby in person because doctors do not want him entering the rehab facility, her aunt, Beverly Giles told ABC. Moser said Leighton has finally left the NICU and believes that Giles will make a full recovery and will be able to raise her son. 'We never gave up,' said her mother. 'She's fought this hard.' Moser said that she believes her daughter hears her when she talks to her, and she believes that Giles will make a full recovery so she will be able to raise her son .","Sharista Giles of Sweetwater, Tennessee, went into a coma after a car accident in December .
Doctors forced delivery of her baby in January and Giles opened her eyes for the first time earlier this month .
She is still nonverbal and is on a ventilator to help her breathe, but has moved her head when she recognizes voices .
Her mother, Anna Moser, believes Giles will make a full recovery and will be able to raise her son on her own .","A 20-year-old pregnant woman named Sharista Giles was in a coma after a car accident in December. Doctors initially said she had a two-per cent chance of recovery, but Giles eventually woke up after being delivered early. Giles is now nonverbal but her mother, Anna Moser, believes she hears her and is hopeful for Giles' full recovery. Giles is still in the NICU and her aunt, Beverly Giles, said that Giles will be able to raise her son."
"(CNN)I would have done anything to get to Europe. It was worth the risk, the bad treatment and the fear, hard as that may be to believe. Simply put, I have a better life now than I did before. But my journey across the Mediterranean, like those of thousands of other migrants, wasn't easy. Here's my story. It all started late last year when I lost my job in Dubai. My work visa had expired, and I had nowhere else to go. I'm Syrian, and returning to Syria wasn't an option -- going back means you either have to kill or be killed. But Syrians don't need visas to get into Turkey, so Turkey it was. I arrived in the country in December with an old dream in my mind: reaching Europe. While in Istanbul, I discovered many Facebook pages about illegal smuggling from Turkey to Italy by sea. All of them mentioned that Mersin, a port city on the southern border, was the jump off point, so I made my way there. I met a Syrian guy in a hotel in Mersin who had already paid money to one smuggler and was planning to depart within a few days. He told me his smuggler was a decent man with a great reputation. Reputation: It was a funny thing to hear for the first time, the thought that these people, who I always considered to be little more than criminals, were concerned about what people thought of them. But why wouldn't they be? It's a long-term business, and the Syrian conflict isn't ending anytime soon. So I decided to meet the guy. We spoke about terms of payment and agreed on a fee of $6,500. Some of the money would be deposited into an insurance company, with the usual transaction fees. When I reached Italy the money would be released to the smuggler -- or, if I changed my mind, I'd be able to get some of it back. ""Be ready all day, every day for the next few days, because you might receive the call to go,"" the smuggler told me. One evening a few days later, I got the call and my journey began. They gathered 100 men and women in five buses and drove us to the smuggling point. It was far from Mersin. We walked for 30 minutes, through rough terrain and orange farms near the beach, in darkness to avoid detection by police. The idea was to take us in three small boats to the main ship. I still remember an old lady, barely able to walk, with her two sons, marching along as fast as they could to try to reach the boats. They were told that if they didn't walk faster, the boat would leave without them. I asked myself so many time what could possibly drive a normal person to put himself and his family in this kind of danger. I decided that anyone with a past but no future was capable of doing crazy things. Finally we reached the boat. It was just as the smuggler described. For three days we waited in the boat for two other parties of 100 people to join us before departing. We were in the middle of the Mediterranean, far enough away from the surrounding countries to be in international waters. On the fourth day we started our journey with a mix of excitement and fear -- fear that this madness often ends in tragedy, ends with us as numbers piled on top of all the other unfortunate, nameless numbers who never made it to the other side. But there was no going back -- it's a one-way ticket. We sailed for eight hours before the boat's engine broke down. There were around 300 of us on board, and as the waves began to push us towards Cyprus the crew sent a distress signal, hoping to alert maybe a U.N. or Red Cross boat, anyone who could help us. Eventually our boat hit a cliff and got stuck. Luckily, before long, a Cypriot coast guard ship arrived to rescue us and deport us back to Turkey. Turkish authorities fingerprinted and released us within a few hours. Some of the people I had been traveling with said they weren't going to try to make the trip again. When they asked me what I planned to do, I told them I would do it again tomorrow if I could -- another journey through a sea where no prayer works, where no one is bigger than nature, where you can feel so small, no matter how big your dreams are. I'd already lost everything. My family didn't know what I was doing, but I dreamed of being a human being who is treated like one. I wasn't going to stop. So I called the smuggler the same night I was released, and said I wanted to get on the next ship out. Two days later I received the call, and again I headed to a smuggling point. This time, they had a bigger boat -- a cargo ship, in fact, maybe 85 meters long or more. It took five days to get everyone on board the ship -- 391 of us in total, refugees from cities all over Syria. And for the first time, I began to feel like I was in jail, trapped in conditions no human should ever suffer. We lived in the hold. There were no mattresses or sheets, but we found some wooden planks to put our stuff on to keep it from getting wet. Hundreds of migrants killed when boat capsizes . For five days we had no food and little water. But at least it meant not having to make frequent trips to the ""toilet,"" if you could call it that, which was an old car tire covered with a piece of cloth. Huge waves crashed against the ship from all angles and water leaked in from the ceiling as we slept on the cold metal floor of the ship, the smell of urine emanating from the corner. Seven days in, despite the poor conditions, everything was going well and we were nearing the island-dotted seas near Greece. On the eleventh day, 200 miles off the coast of southern Italy our guides began to alert Italian authorities to our presence. We were adrift at sea, they told the authorities, with no captain or crew. And that was actually true -- we didn't have a registered pilot, just one guy who had worked on this ship before. An Icelandic ship -- working in conjunction with Frontex, the joint European Union border patrol -- rescued us from our captain-less boat with the help of a scientific research boat from New Zealand. The rescue ship approached us but was unable to get close at first because the waves were so high. We knew we would have to wait some time before leaving our boat forever. The other refugees were waving their hands like children and then telling each other: ""Stop waving, they've already seen us."" I was one of the last 10 people to be rescued from the boat. I can still see it like it was yesterday; it was the rebirth of a new life. Why migrants head to Mediterranean . They took us to Catania, on Sicily, where we finally reached land a day later. When we arrived, the first thing the Italian authorities did was look after the urgent medical cases. There was a man who was poisoned by the drinking water on the boat, a few pregnant women and old people who needed medical attention. They took us to a refugee camp and the only thing anyone talked about was being fingerprinted. They were saying: ""We didn't risk everything to be refugees. We are not going to give our fingerprints, even if they torture us."" Later that night a Moroccan-Italian man told us not to worry: ""They will not fingerprint you."" They would simply take us to different camps and we could leave from there. Twelve days after it began, our journey to Europe was over. I spent two days in Sicily before making my way first to Milan with two Syrian guys who had become friends. We decided to go to Germany and went to Paris first and ended up in a city called Saarbrucken. I didn't know where my fellow travellers were heading, but I knew one thing: my dream of making it to Europe, no matter the cost and risk involved, had been achieved. It was worth it.","Moutassem Yazbek describes harrowing 12-day journey from Turkey to Italy .
Yazbek, a Syrian refugee, paid a smuggler $6,500 to get him to Italy in December .","The author describes his harrowing journey from Turkey to Italy, where he was smuggled across the Mediterranean. Despite the dangers and risks, he ultimately made it to Europe, and now has a better life. The author's story highlights the desperate lengths to which migrants will go to reach Europe, even if it means risking their lives."
"Leicester City midfielder Esteban Cambiasso knows what it feels like to claim football's biggest prizes but says saving the Premier League strugglers from relegation would be one of the highlights of his career. Cambiasso, a former Argentina international, claimed five Serie A titles at previous club Inter Milan where he also won the Champions League in 2010. 'For me, it's like another cup,' he told the BBC on Thursday. Leicester City midfielder Esteban Cambiasso (left) says beating relegation would be like winning a trophy . He joined Leicester last summer on a free transfer and signed a one-year deal at the King Power Stadium . 'When you start another season you have an objective, and this is the objective for us. 'For me, winning a cup or winning the league with another team is the same now as having the possibility to save Leicester in the Premier League.' Leicester, promoted last season, will have their work cut out to avoid an immediate return to the second tier. The Foxes are rock-bottom of the 20-team table, seven points adrift of 17th placed Sunderland and without a league win since January. 'I understood when I signed for Leicester it's not an easy job to stay in the Premier League,' he said. 'It's a difficult situation but I think we have our chances to win matches. There's a quarter of the Premier League left. 'I think some people think for Leicester all is finished. But I'm sure, because I watch my team mates every day, we can save Leicester and stay in the Premier League.' Nigel Pearson's side face West Ham United at home on Saturday. Cambiasso won five back to back Serie A titles between 2005 and 2010 while playing for Inter Milan . Cambiasso played for Argentina 52 times between 2000 and 2011, scoring five goals for his country .","Decorated former Argentina international Esteban Cambiasso says that keeping Leicester up this season would be like 'another cup'
The former Inter Milan and Real Madrid midfielder joined Leicester last summer on a free transfer, signing a one-year deal .
Leicester are currently bottom of the Premier League table with 19 points from 29 games and take on West Ham in their next fixture .","Esteban Cambiasso, a former Argentine international midfielder, believes saving Leicester City from relegation would be one of the highlights of his career. He joined Leicester City on a free transfer last summer and signed a one-year deal at the King Power Stadium. Cambiasso, who won five Serie A titles at Inter Milan, says that winning a trophy or saving Leicester from relegation is the same for him now as having the possibility to win a league title. Leicester City, promoted last season, will have their work cut out to avoid an immediate return to the second tier. The Foxes are rock-bottom of the 20-team"
"A murderer who strangled a woman and put her body in a cupboard has been rearrested after three weeks on the run. William Kerr absconded from a bail hostel in Hull after he was released from HMP Stocken in Rutland on licence in January. The 53-year-old, who was jailed in 1998 for the murder of Maureen Comfort, was apprehended in the street in Waterloo, south London, around 7pm on Friday. William Kerr (left), who strangled Maureen Comfort (right) and put her body in a cupboard 20 years ago, has been rearrested after three weeks on the run . His arrest came after a £5,000 reward was offered for information about his whereabouts on BBC's Crimewatch. Ms Comfort was last seen alive on December 4, 1995. The 43-year-old's body was found in January 1996 by relatives who broke into her flat after becoming increasingly worried about her whereabouts. It was discovered in a wardrobe in her bedroom. Kerr was jailed for life for murder at Leeds Crown Court alongside Christopher Moody. Both men lodged with Ms Comfort in the two months before her death and had a key to the property, the court heard at the time. Kerr served 15 years before being moved to approved premises 90 miles away. Kerr was jailed for life for murder at Leeds Crown Court (above) alongside Christopher Moody in 1998 . During the search he was described by police as a 'very dangerous man' and the public were warned not to approach him. They added that he needed to be returned to prison 'as a matter of urgency'. Detective Inspector Eamonn Clarke, of North Yorkshire Police,  led the search for Kerr. He said: 'Thanks to some information received following the Crimewatch appeal we were able to track Kerr to a specific area of London. 'The information was vital to the effort to trace Kerr as he indicated when he was arrested that he was about to leave the London area after seeing himself on Crimewatch. 'I would like to take this opportunity to thank the people who came forward.'","William Kerr was released on licence in January but left bail hostel in Hull .
53-year-old was jailed in 1998 for the murder of Maureen Comfort .
Ms Comfort's body was found in a cupboard in her flat by relatives .","A murderer who strangled a woman and put her body in a cupboard has been rearrested after three weeks on the run. William Kerr, who was jailed for life for the murder of Maureen Comfort in 1998, was apprehended in the street in Waterloo, south London, around 7pm on Friday. The 53-year-old was described as a 'very dangerous man' and the public were warned not to approach him."
"A cleaner who feared a body he found was a murder victim had in fact found a  900-year-old mummy. The preserved remains were discovered in a cardboard box by street cleaners in north-western Peru. The mummy, thought to date back to 1100 AD, was found wrapped in rope and dumped inside the box in front of an archaeological dig in the city of Trujillo. Scroll down for video . Grim discovery: Street cleaners who found the remains initially feared they had stumbled across a murder victim . It is thought to have been stolen from the archaeological site known as Chan Chan which was the capital of the Chimu Empire, an urban civilisation that appeared on the Peruvian coast around 1100 AD. The discovery was made in the early hours of the morning as the cleaners swept up the streets close to the dig. Cleaner Otilio Padilla Miramontes, 54, said: 'It looked just like any other box dumped on the streets. Well preserved: It turned out the 'victim' was in fact a stolen, 915-year-old Peruvian mummy . Forensics: Police were called by the cleaners who made the discovery by an archaeological dig site in Trujillo . Wrapped up: The mummified remains were discovered in a box, wrapped in rope, by cleaners in Peru . 'But when I opened it I nearly died of heart attack as I saw this grinning skull staring up at me. 'I had no idea it was an ancient mummy, I thought it was someone who had been murdered so I immediately called the police.' A police spokesman said: 'We quickly established that this was not a recent skeleton. 'But we are now investigating how it ended up in a box outside of the main archaeological site. 'Our suspicion is that someone tried to steal it and had maybe left it in the box to collect later.' The remains were taken to the regional Directorate of Culture for examination. A spokesman there said: 'This is not a Chimu mummy and is most likely pre-Hispanic suggesting it is from another culture pre-dating the Hispanic arrival.'","The stolen Peruvian mummy was abandoned by archaeological dig site .
Street cleaners found the remains in a box and called police .
Believed stolen from Chan Chan capital of the Chimu Empire .","A 900-year-old mummy, thought to be stolen from an archaeological site, was discovered in a cardboard box by street cleaners in Peru. The mummy, wrapped in rope, was initially feared to be a murder victim but was later identified as a pre-Hispanic mummy from another culture."
"Hundreds of passengers on a New York City subway train were evacuated from cars in an underwater tunnel after a fire during the Monday morning commute. A train heading from Queens into Manhattan was stalled underneath the East River around 8.30am Monday morning and its conductor saw smoke coming from the board along the track's third rail. The train's 542 passengers were taken by a rescue train to Grand Central Station in Manhattan, an MTA spokesman told Daily Mail Online. Scroll down for video . Service on a New York City subway line (pictured) was suspended for almost two hours after smoke in an underwater tunnel left hundreds of passengers stuck beneath the East River . More than 500 passengers were taken to Manhattan after spending roughly an hour and a half trapped. They walked through their stalled train into a rescue train and left around 10am . Part of the train's contact shoe, which gets power from the third rail, is thought to have touched the board instead of the rail, sparking the incident that left service on the 7 train suspended for just less than two hours. The last of the passengers were taken on to the new train around 10am, according to AMNY. No injuries were reported beyond a woman who felt faint and requested medical attention. The MTA has warned passengers to expect delays on other lines such as the N,Q, and R. More than 500 passengers were taken to Manhattan after spending roughly an hour and a half trapped beneath the East River. Above, firefighters seen at Grand Central Station . Commuters faced delays and crowds of people as they tried to travel from Queens into Manhattan. Service resumed around 10.30am after the incident, believed to be caused by a train's conduct with a safety board . Commuters trips on the 7 line were disrupted, with some taking unusual transport methods such as boats to get to work. Residents of Queens have recently complained about what they view as particularly poor service on the 7, which goes through the heart of their borough. A rally was held last month calling for less delays on the line after a winter of outages, according to DNA Info.","Train suddenly stopped on 7 line between Queens and Manhattan .
Passengers evacuated to Grand Central Station with rescue train .
Riders spent roughly and hour and a half trapped underground .
No injuries, though one woman requested attention after feeling faint .","A New York City subway train was evacuated due to a fire in an underwater tunnel, leaving hundreds of passengers stranded for over an hour. The incident caused delays on other lines and prompted a rally calling for less service disruptions."
"Wasps made an honourable and defiant exit from the Champions Cup on Sunday as they took the holders to the wire and may have clinched a seismic upset, but for a glaring official oversight. Dai Young’s side became the third of four English challengers to be dispatched from Europe’s premier event over a punishing weekend, but this was no meek capitulation. Despite the chronic inconvenience of losing Nathan Hughes to a contentious ban and Christian Wade to an untimely injury, the visitors raged gallantly against the dying of the light. Ali Williams crosses for a late try for Toulon as they put victory over Wasps on Sunday beyond doubt . New Zealander Williams rises to celebrate his try which came minutes after he should have been sin-binned . Wasps' Ashley Johnson attempts to bust through the wall-like defence of European champions Toulon . TOULON: D. Armitage, Tuisova, Bastareaud, Mermoz, Mitchell, Michalak, Tillous-Borde, Menini, Guirado, Hayman, Botha, Williams, Gordodze, S. Armitage, Masoe. Replacements: Orioli, Chiocci, Chilachava, Fernandez Lobbe, Wulf, Giteau, Claassens, Suta. Tries: Bastareaud, Williams. Conversions: Michalak (2) Penalties: Michalak (6) WASPS: Miller, W. Helu, Daly, Masi, Varndell, Lozowski, Simpson, Mullan, Shervington, Cittadini, B. Davies, Myall, Johnson, Haskell, Thompson. Replacements: Festuccia, McIntyre, Cooper-Woolley, Gaskell, Young, C. Davies, Goode, Leiua. Tries: Helu (2) Conversions: Goode. Penalties: Lozowski (2) Referee: George Clancy (Ireland) Toulon are back-to-back continental champions, awash with Test talent, but they were given a scare by their tenacious opponents — and even forced to adopt sly, illegal tactics to survive a second-half fightback. Seven minutes from full-time amid a cacophony at Stade Felix Mayol, Wasps launched a daring raid from their own 22 which eventually culminated in a second try for Will Helu, but it also featured a miscarriage of justice. Former All Black lock Ali Williams pulled back Elliot Daly off the ball as he ran clear in support of Joe Simpson. It was surely one of the most obvious offences of its type ever committed in the sport, yet Williams not only avoided a yellow card, but he was on hand to touch down three minutes from time for the try which distorted the final scoreline. Wasps were left battered and beaten, but richly deserving of the ovations from their pockets of supporters around the ground. Captain James Haskell’s work-load was worthy of three men and Andrea Masi also gave body and soul to the cause, while Simpson and Daly were outstanding. Toulon playmaker Frederic Michalak pulls the strings for the defending European champions . Wasps' No 10 Alex Lozowski kicks away from Michalak during their European Champions Cup quarter-final . Toulon fans celebrate after the opening try from their giant French centre Mathieu Bastareaud . CLERMONT v SARACENS, Stade Geoffroy-Guichard, St Etienne, Saturday, April 18, 3.15pm (GMT) TOULON v LEINSTER, Stade Vélodrome, Marseille, Sunday,     April 19, 3.15pm (GMT) There was a certain sense of inevitability about the outcome, but Wasps refused to accept that they were out-gunned, even when Toulon were able to summon the likes of Matt Giteau and Juan Fernandez Lobbe from their stellar cast of reserves. Young was delighted with how his side had performed, once they stopped being so deferential. ‘I’m really proud of the effort and the commitment,’ he said. ‘There was real frustration in the first half, because we gave them a bit too much respect in the first 30 minutes. We were a little bit frantic, a little bit panicky, but we will learn from that and I thought we played some really good stuff on occasions. I’m pleased that we were in it right to the end.’ Wasps defence descend on Toulon's Guilhem Guirado at the Felix Mayol Stadium on Sunday . Toulon speedster Delon Armitage makes a break for the defending champions . Lozowski makes a diving pass while his ankle is grasped by the Toulon player on the ground . Asked about Williams’ illegal tug on Daly’s shirt, Young added: ‘There were three people (in the ground) who didn’t see it… the referee and the two touch judges.’ Toulon went ahead when Mathieu Bastareaud blasted over the line from close range in the eighth minute and, as their pack took control, Frederic Michalak was able to dispatch five first-half penalties. The Top 14 leaders went into the break 22-6 up, but Wasps turned the tables as Daly scorched down the right to tee up Helu’s first try. Michalak’s sixth penalty appeared to settle the holders, but Helu touched down for the second time after another crucial intervention by the outstanding Daly. When Williams went over to quell the uprising moments later, it secured Toulon a semi-final against Leinster in Marseille, and left Wasps to head home craving another shot at this tournament next season.","Toulon beat Wasps in their European Rugby Champions Cup quarter-final .
Toulon and Wasps scored two tries each at the Felix Mayol Stadium .
No 10 Frederic Michalak kicked six penalties and two conversions .
William Helu scored two tries for the visitors in a gallant effort .
They face Leinster for a place in the European Champions Cup final .
Saracens earlier defeated Racing Metro 92 by 12-11 in a thriller .","Wasps, despite losing key players, fought back to defeat Toulon in the Champions Cup quarter-final, but a controversial referee decision allowed Toulon to win the match. Toulon, the defending European champions, were favored but were forced to use unconventional tactics to overcome Wasps. The match was a testament to the resilience of Wasps and the skill of Toulon's players."
"Jonathan Trott's first innings on his return to Test cricket for the first time in 17 months was brief and unsuccessful, as he was caught at first slip just three balls in. Trott last played a Test for his country in November 2013, when he withdrew from England's disastrous Ashes tour with a stress-related illness. But his much-anticipated return, this time as captain Alastair Cook's opening partner, was over almost before it had begun when he nicked Jerome Taylor to Darren Bravo. Jonathan Trott trudges off the field after being dismissed for a duck in his first game back in the Test team . Jerome Taylor celebrates dismissing Trott in the first over as England slumped to 1-1 after just five balls . Trott, usually a middle order batsman, had been preferred to Yorkshire's Adam Lyth, still to make his England debut, and moved up to the top of the order. But the gamble failed for the Warwickshire man, who has worked hard to prove he still has the quality to play Test cricket since his Ashes withdrawal the winter before last. The wicket left England one for one after just five balls after being put into bat by the West Indies in the first Test in Antigua. Trott was making his first Test appearance since his Ashes turmoil against Mitchell Johnson 18 months ago .","Jonathan Trott out after three balls, caught by Darren Bravo at slip .
Trott is playing his first Test for over a year after stress-related illness .
Warwickshire batsman was promoted to open, but failed in first innings .
Follow the first Test live HERE .","Jonathan Trott's first Test match as captain against West Indies was unsuccessful, as he was caught for a duck in his first innings. Trott, who had been out of the England team for 17 months, struggled to regain his form and was replaced by Adam Lyth. The match ended with England one for one after five balls."
"A Briton jailed in Burma for using an image of the Buddha to promote his bar has been ‘abandoned’ by the Foreign Office, according to human rights campaigners. Phil Blackwood was sentenced to two-and-a-half years with hard labour by a Burmese court last month after posting the mocked-up image of the Buddha wearing DJ headphones on Facebook. The tongue-in-cheek advert for a cheap-drinks night at the VGastro bar in Rangoon provoked outrage among devout Buddhists. Scroll down for video . Phil Blackwood (left) was sentenced to two-and-a-half years with hard labour by a Burmese court last month after posting a mocked-up image of Buddha wearing DJ headphones on Facebook. Human rights campaigners claim he has been 'abandoned' by the Foreign Office . The 32-year-old bar manager, who has dual New Zealand and British nationality, was found guilty of insulting religion along with the bar’s Burmese owner and another manager, despite apologising profusely for posting the picture. All three were given the same sentence. MPs and human rights campaigners said Mr Blackwood, who is married with a young daughter, is enduring appalling conditions in the notorious Insein prison. They also claimed the British Government had ‘turned its back’ on Mr Blackwood, who lived in Middlesbrough until his family moved to New Zealand when he was four. The 32-year-old bar manager, who has dual New Zealand and British nationality, was found guilty of insulting religion because of this picture . In a Commons answer, a Foreign Office Minister admitted he was not aware Mr Blackwood was a British citizen. Last night, his father Brian insisted that the family had informed the British authorities of his son’s dual nationality after his arrest. Although New Zealand diplomats were taking the lead, he said that the family expected the Foreign Office to exert pressure on Burma. Middlesbrough MP Andy McDonald said: 'Philip Blackwood has been unjustly imprisoned for an honest mistake for which he has already issued a heartfelt apology. 'As a British citizen, rather than turning their back on Mr Blackwood, the Foreign and Commonwealth Office should be pulling every available leaver to secure his immediate and unconditional release so that he can return to his family.' There is international concern over a surge of religious nationalism in Burma, ruled until recently by a military junta. A Foreign and Commonwealth Office spokesman said: ‘Our ambassador in Burma made clear that we were following the case closely when he raised it with the Burmese Minister of the Presidency. ‘Our embassy in Rangoon has provided advice and support to the New Zealanders on Mr Blackwood’s case.’","Phil Blackwood was sentenced to two-and-a-half years with hard labour .
Posted the mocked-up image advertising a cheap drinks night on Facebook .
32-year-old was found guilty of insulting religion despite apologising .","A British citizen who was jailed in Burma for posting an image of the Buddha on Facebook has been 'abandoned' by the Foreign Office, according to human rights campaigners. Phil Blackwood, a bar manager with dual New Zealand and British nationality, was found guilty of insulting religion and sentenced to two-and-a-half years in hard labor. MPs and human rights campaigners claim he is enduring appalling conditions in the notorious Insein prison and that the British Government has 'turned its back' on him."
"Ronald Koeman called for Southampton's players to show maturity, nous and respect after Victor Wanyama's future came under question. This weekend brings with it arguably Saints' biggest match of the season, with the visit of Tottenham likely to be key in the fight for European qualification. Mauricio Pochettino's first return to St Mary's adds extra spice to a match, ahead of which his successor felt the need to hold a team meeting to refocus his players' minds. Ronald Koeman says his Southampton players must remain focused on European qualification . Koeman spoke to Victor Wanyama and his other players to refocus them on the last five league games . Wanyama's claims that Arsenal were interested in his services were the catalyst and, while defending the 23-year-old by saying the story was 'bull****', Koeman called for his players to show more common sense. 'You know always in the last part of the season there are rumours talking about interest in players,' the Saints boss said. 'I don't like to say every time it's true or it's not true. 'It's important that everybody knows his position in the club. They have contracts - you can't talk about moving because you have a contract. That's not respectful to the club. 'We spoke about that, that we need that focus. If we don't have really that focus, we can't bring the level what we normally bring this season.' Such speculation about the likes of Wanyama, Nathaniel Clyne and Morgan Schneidelin brings back memories of last summer's talent drain from St Mary's. Wanyama's future came under question after an interview where he seemed to hint at a move to Arsenal . Koeman has repeatedly insisted a similar situation will not arise this time around, although he is wise enough to know the south-coast club's place in the food chain. 'On one side it's normal because, okay, we are Southampton,' Koeman said. 'We are not Man United, because they are always talking about new players, and normally in teams like Southampton, a little bit more down, they are talking about interest in players of Southampton. 'We know that, but it's up to the press. They can write and they can say what they want, but no problem. 'We have to keep that spirit together and that was my message to the players. 'We can't do anything about that. You have to look out if they ask you that kind of questions. That's your job. There has also been speculation about the futures of Morgan Schneiderlin (left) and Nathaniel Clyne . Southampton come up against former boss Mauricio Pochettino on Saturday in the race for the Europa League . 'You're not a young kid. You have to respond, and if you respond you have to know what you respond.' Koeman says he will not be enforcing a media ban to keep his players out of trouble - something he accepts is more difficult now given the power held by agents. The former Holland international also understands the ambitions his players may well harbour, admitting he spoke out of turn a few times when he was younger. 'Of course, when I played in Holland, okay, I was looking to play in a bigger team - that's normal,' Koeman said. 'If you are not really in the highest level and you get opportunities to play in a higher level, okay, you like it, of course. Everybody likes the best. 'Everybody likes to play Champions League football - that's normal. I'm not surprised about that.'","Ronald Koeman has urged his team to focus on European qualification .
Koeman is trying to ignore media speculation about his players .
The Saints manager rubbished claims about Victor Wanyama leaving .
Boss says he is not surprised his players want Champions League football .","In the upcoming match against Tottenham, Ronald Koeman emphasizes the importance of Southampton's players focusing on European qualification. He addresses Victor Wanyama and other players to remind them of the last five league games and the need to show maturity and respect. Koeman also mentions the speculation about Wanyama's future and the need to maintain a focused mindset. Koeman acknowledges the power of agents and understands the ambitions of his players, but he insists on maintaining a focused and respectful attitude."
"A Wisconsin church's four-decade tradition of people mud-wrestling pigs at a summer fundraiser has been cancelled after complaints the animals were 'punched in the face, body slammed and jumped on'. St Patrick's Parish in Stephensville, Wisconsin said in a statement that the Original Pig Rassle will be replaced this  August with a human mud foosball tournament. Global Conservation Group, an animal advocacy group, launched an online petition claiming the tournament was inhumane to the pigs. It garnered more than 81,000 signatures in efforts to cancel the event. Deacon Ken Bilgrien of St Patrick's Parish told Christian Today on Wednesday that the church is moving in a different direction for its 45th annual Roundup, but declined to discuss the controversy surrounding the event. Scroll down for video . St Patrick's Parish in Stephensville, Wisconsin has discontinued its Original Pig Rassle tournament after 44 years of the tradition (above scenes from the event) Global Conservation Group, an animal advocacy group that launched an online petition claiming the tournament was inhumane to the pigs, garnered more than 80,000 signatures in efforts to cancel the event . On August 10, 2014, the church held a 'pig wrestling' event where the animals were 'punched in the face, kicked, body-slammed, yelled at and thrown onto a barrel', according to the Global Conversation Group. 'Wrestling, as a sport, is contested by two human opponents, evenly matched, each of whom enters into the match voluntarily with mutually agreed-upon rules and a common goal,' the group wrote on its website. 'Not so in ""matches"" like pig wrestling, where frightened animals are unwilling participants exploited by teams of humans for entertainment.' The group also accused the church of being in violation of Wisconsin Chapter 951, Crimes Against Animals, which outlaws cockfighting, dog fighting and any other similar fighting between animals or animals and humans, according to its Change.org page. The church announced  in a statement that moving forward the parish's talents could be 'spent in areas that are less controversial'. 'After much prayer and many hours of discussion, we realize that what we had for 44 years in the Original Pig Rassle was memorable, legal and great family fun,' the statement on its website read. The group said during the August 2014 'pig rassle', the pigs were 'punched in the face, kicked, body-slammed, yelled at and thrown onto a barrel' The Wisconsin parish (above) said during its 45th annual Roundup fundraiser this August, the Original Pig Rassle will be replaced with a human mud foosball tournament . Global Conservation Group said they consider the church's decision a victory for their 260-day campaign and consider this a huge step for animal welfare . 'We also realize that our parish and diocesan talents could be better spent in areas that are less controversial. 'It is with great regret that we have discontinued the Original Pig Rassle, we are however, very excited to begin this new tradition at St. Patrick Parish.' Following the news, Global Conservation Group, which protested the church's 'pig rassle' last August, wrote on its Change.org page on April 21: 'This is huge! After 260 days of non-stop campaigning, the church announced today that no further animal abuse events will be held.' 'We're very happy. We consider this a victory for our campaign,' Jordan Turner, Global Conservation Group President told WBAY. 'We're very proud of the church for doing what's right for all involved. And we certainly consider this a huge step for animal welfare.' Biglrien said the church is moving on as they look forward to the new event that will be apart of its annual Roundup this summer. 'You know, we've had problems in the past and this is something new and exciting that we want to do,' he told WBAY.","St Patrick's Parish in Wisconsin said its four-decade tradition, Original Pig Rassle, will be replaced with human mud foosball this summer .
Global Conversation Group started online petition last August to cancel event claiming it was inhumane; it collected more than 81,000 signatures .
The group said they are 'very proud of the church for doing what's right' and consider this a huge step for animal welfare .","A Wisconsin church's tradition of people mud-wrestling pigs at a summer fundraiser has been cancelled after complaints that the animals were mistreated. The church will replace the event with a human mud foosball tournament. A group of animal advocates launched an online petition to cancel the event, which garnered over 80,000 signatures. The church's statement said they are moving in a different direction for their 45th annual Roundup. The group considers the church's decision a victory for their 260-day campaign and a huge step for animal welfare."
"Memphis Depay had a secret meeting with Manchester United on Wednesday as the club look to tie up a move for the PSV Eindhoven winger. Depay, 21, jetted to England with representatives including his agent Kees Ploegsma for a summit with a United delegation led by manager Louis van Gaal. United are leading the hunt for the pacy Holland international but face opposition from Paris Saint- Germain while Liverpool have also expressed an interest. Memphis Depay had a secret meeting with Manchester United as the club look to tie up a move . Depay during a photo shoot back in October 2013 where he modelled the Can-Am three-wheeled bike . Manchester United are hoping to leave their rivals behind in the race to sign the young winger . PSV coach Phillip Cocu admitted: 'Van Gaal is a very good coach and the Premier League is great' Van gall refused to squash the reports in his weekly media briefing. When asked about the Depay link, Van Gaal said: 'I don’t discuss it with the media, you know my answer. 'I have a lot of relationships with players. I cannot buy all the players I've coached already.' Van Gaal, who worked with Depay at the World Cup, made inquiries over the player's availability last summer but decided to keep track of his progress rather than make a move. That could prove to be a costly decision, with the Dutch club looking for around £25m for his services after he scored 20 goals in 28 games. Depay, who has 'dream chaser' tattooed to his chest and is pictured here modelling a three-wheeled bike in October 2013, could line up at Old Trafford next season. PSV coach Phillip Cocu was unaware of the meeting when asked on Friday. He said: 'Van Gaal is a very good coach with whom I have worked and he was always very pleasant and the Premier League is a great league. 'I have contact with Memphis on a daily basis about many things, but not on a specific club or league.' United hold the upper hand in the hunt for Depay thanks to Van Gaal, who worked with the player during his stint in charge of Holland. PSV appear to be resigned to losing their star man this summer. Depay has become one of the hottest properties in European football after a blistering season . Louis van Gaal (right) was tempted to sign Depay last summer and will have to fork out around £25m . Depay, who often plays on the left wing despite being right-footed, has been compared with international team-mate Arjen Robben. However, Ed van Steijn, the man who scouted Cristiano Ronaldo for Manchester United, believes Depay is better than the Real Madrid star was at the same age. Speaking to Dutch daily newspaper Algemeen Dagblad, Van Steijn said: 'If I compare him to a young Cristiano Ronaldo at the time, then Depay has more strings to his bow. I like him better. 'Ronaldo did the same things wrong at Manchester United as he did when he was 17.'","Manchester United looking to tie up a deal for Memphis Depay .
The Dutchman has been in scintillating form for PSV this season .
Depay met with United on Wednesday but Phillip Cocu was unaware .
Cocu did, however, concede the Premier League is 'great'
CLICK HERE for all you need to know about Depay .",Memphis Depay had a secret meeting with Manchester United to discuss a potential move. Depay is a young winger who has scored 20 goals in 28 games. Depay is considered one of the hottest properties in European football and could be a key player for Manchester United next season. Depay has been compared to international team-mate Arjen Robben and is better than Cristiano Ronaldo at the same age. Depay is also considered a dream chaser and has a 'dream chaser' tattoo on his chest. Depay is currently under contract with PSV Eindhoven and has been offered around £25m for
"Floyd Mayweather Jnr's personal chef responsible for fuelling the the fighter ahead of his $300million clash with Manny Pacquiao has revealed her boss does have some weaknesses when it comes to food. Quiana Jeffries, aka Chef Q, was brought into Mayweather's camp after driving through the night to impress him with a trial breakfast. A regimented diet is crucial to the champion's training regime and Mayweather demands organic produce, although there are a few exceptions. 'Twizzlers are his favorite,' Jeffries reveals in an interview with New York Magazine. Floyd Mayweather Jnr (left) insists on eating organic food before his fight, although there are exceptions . Chef Q has been cooking for Mayweather since his fight for Manny Pacquaio was announced . Fried turkey dogs are specialty southern dish of Chef Q's that Mayweather loves to indulge on . This steak dished was cooked by Chef Q and would have cost the boxer $1,000 per plate . Quiana Jeffries has helped the champ with his strict organic food diet, but has problems getting ingredients . Who do you think WILL win the fight between Floyd Mayweather and Manny Pacquiao? Who do you think WILL win the fight between Floyd Mayweather and Manny Pacquiao? Now share your opinion . 'And Top Ramen (dried noodle packets). 'It's what he had growing up. He likes them crunchy, with a lot of noodles, and not a lot of juice,' she adds. However, Mayweather's most unhealthy food craving has got to be 'fried hot dogs... with barbecue sauce'. Jeffries explains that she tries her best to ake them as healthy as possible: 'I cut them longways, and fry them up in a little coconut oil. I spice that up the barbeque sauce, too. 'I add a oranges, orange zest, and other spices. He loves barbecue sauce. Everything with barbecue sauce. But that's life. You like what you know.' As well as unusual eating requests, Jeffries also has to cope with Mayweather's unconventional timekeeping. The 38-year-old does not followed a structured training regime and prefers to decide when he does things according to how he is feeling, which can pose problems for his 24-hour chef who charges around £1,000 per meal. 'If Champ wants a meal at three, four, five, six in the morning, I have to be ready for that,' Jeffries said. 'He's called me at four and says, 'I want that oxtail.' Finding organic food stores in the early hours of the morning is also challenging, especially in Las Vegas. Mayweather and Pacquiao are just days away from their $300m mega-fight in Las Vegas . Jeffries explains how she is yet to find a farmers' market in the city and is restricted to a handful of 24-hour supermarkets, but not all departments stay open all night. 'The seafood counters always close early,' she says — leading her to befriend managers to acquire the necessary ingredients for Mayweather's favourite seafood gumbo. 'They all know who we work for.'","Floyd Mayweather meets Manny Pacquiao in Las Vegas on May 2 .
Chef Q Quiana Jeffries prepares US boxer's food using organic produce .
She says champ has a soft spots for Twizzlers, noodles and fried hotdogs .","Floyd Mayweather's personal chef, Quiana Jeffries, revealed that Mayweather has some weaknesses when it comes to food, such as his love for Twizzlers and fried hot dogs with barbecue sauce. Mayweather demands organic produce, but there are exceptions, such as fried turkey dogs, which he loves to indulge on. Jeffries has helped Mayweather with his strict organic food diet, but has problems getting ingredients. Mayweather's unconventional timekeeping and lack of a structured training regime pose problems for his 24-hour chef who charges around £1,000 per meal. Jeffries also has to cope with Mayweather's unhealthy food cravings, such"
"It wouldn’t make much of a breakfast, but this tiny egg could give a schoolgirl and her pet hens a place in the Guinness Book of Records. Shannon Hayes, 12, believes one of them has laid the smallest chicken egg in the world. After doing some research on the internet, she thinks its length of 1.8cm – smaller than a 5p coin – shaves two millimetres off the previous title-holder. Shannon said: ‘I’m confident it’s the smallest. It is very tiny and you wouldn’t want it for breakfast.’ Shannon Hayes, centre, believes her pet hen, right, has laid the world's smallest ever egg, left . The tiny egg, left,  is only a small fraction of the normal size of the traditional breakfast favourite, right . The tiny egg, which was laid in Capel Iwan, Carmarthenshire, is smaller than a five pence piece, pictured . She keeps seven hens at her family home in Capel Iwan, Carmarthenshire, but she is not sure which laid the tiny egg. Shannon spotted it among the ordinary-sized eggs in her hen coop. Fearful of it being crushed, she immediately took it into the house to be measured. In 2011, an American farmer claimed his hen had laid the world’s smallest chicken egg, measuring 2.1cm long. That was beaten in 2014 by an egg one millimetre smaller laid in Somerset by a hen called Muffin. Meanwhile, Shannon is storing her potential world record-breaker it in the fridge for safe-keeping. Shannon believes that her egg, which measures just 1.8cm in length is 3mm smaller than the current record .","Shannon Hayes spotted the tiny egg at her home in Carmarthenshire .
She rescued it fearing it was going to be crushed by the regular eggs .
The 12-year-old measured the egg and discovered it was just 1.9cm long .
It is believed the previous record holder was a 2.1cm egg laid in Somerset .","A 12-year-old girl named Shannon Hayes believes she has discovered the world's smallest chicken egg, measuring just 1.8cm in length, which is smaller than a 5p coin. Shannon has kept seven hens at her family home in Capel Iwan, Carmarthenshire, and is unsure which hen laid the egg. She has stored the egg in the fridge for safe-keeping."
"The never-ending chaos at Leeds continued on Friday as six players withdrew from Saturday's game at Charlton citing injury. Italian quartet Mirco Antenucci, Giuseppe Bellusci, Dario del Fabro and Marco Silvestri, Frenchman Souleymane Doukara and Albanian Edgar Cani all told beleaguered head coach Neil Redfearn they were injured and could not travel to London. Five of the sextet were signed by banned president Massimo Cellino, while Cani's deal was set-up by the Italian before he was banned by the Football League for failing its Owners and Directors Test. Mirco Antenucci is one of six Leeds players to have withdrawn from the squad to face Charlton with injury . It is understood that Redfearn was not aware of any problems with the players and that United's physio was not aware of any injuries. After receiving criticism from Leeds fans on Twitter after the story surfaced, Antenucci Tweeted: 'I'm reading a lot bad thing about myself in the last time.tomorrow i'll not be in the match because I got injured yesterday.it's the truth. 'I read so much wickedness and insults in many posts.i'm a serious professional but if someone likes to insult me there is no problem. my injury is in the right leg did yesterday in training .a muscle injury.' Goalkeeper Silvestri also Tweeted, posting a picture of a cut on his back which he suffered during Tuesday's loss at Norwich. He, Antenucci and Bellusci have been first-team regulars this season, with Cani, Del Fabro and Doukara resigned to roles on the fringes. It is understood that Neil Redfearn and the medical team were unaware of the players' injuries . Redfearn's position at Elland Road has become increasingly threatened over recent weeks, despite leading the club to Championship safety after taking off from ill-fated predecessors David Hockaday and Darko Milanic. He saw assistant Steve Thompson lose his job without warning on April 2 and his own deal, which expires at the end of the season, looks increasingly unlikely to be renewed under the club's current regime. Cellino is currently banned after being being found guilty of not paying tax on a yacht in Italy. He has been banned from holding any influence over the club since the end of January and is set to return in a fortnight's time. Leeds were not available for comment.","Leeds United travel to Charlton Athletic on Saturday in the Championship .
Mirco Antenucci, Giuseppe Bellusci, Dario del Fabro, Marco Silvestri Souleymane Doukara and Edgar Cani have withdrawn from squad .
Understood that Neil Redfeard and physios were not aware of the injuries .","Leeds United's six players withdrew from Saturday's match against Charlton due to injury, with five of them being signed by banned president Massimo Cellino. The players, including Mirco Antenucci, Giuseppe Bellusci, Dario del Fabro, Marco Silvestri, Souleymane Doukara, and Edgar Cani, were first-team regulars this season. Leeds' head coach Neil Redfearn was unaware of the players' injuries, leading to criticism from Leeds fans. Redfearn's position at Elland Road has become increasingly threatened, with his assistant Steve Thompson losing his job without warning and"
"All well and good having Brazilians in your team but they have to be the right ones – Barcelona reached the Champions League semi-finals at the Nou Camp at Paris Saint Germain’s expense and Neymar tied David Luiz in knots in the process. There were no Luis Suarez nutmegs this time but the former Chelsea defender found himself backpedaling hopelessly on the quarter hour as Neymar scooted past him for Barcelona’s opener. Neymar (top) celebrates with Brazilian compatriot Dani Alves after scoring his and Barcelona's second goal of the night . Neymar accelerates past another Brazil teammate, David Luiz, before opening the scoring for Barcelona on Tuesday night . Barcelona: Ter Stegen 6.5; Dani Alves 7.5, Pique 5, Mascherano 6, Jordi Alba 6; Rakitic 7.5, Busquets 7 (Sergi Roberto 55, 6), Iniesta 9 (Xavi 45, 6.5); Messi 6.5, Suarez 6.5 (Pedro 75, 6), Neymar 9. Subs not used: Bravo, Bartra, Adriano, Rafinha. Goals: Neymar 14, 34. PSG: Sirigu 6; Van der Wiel 3.5, Marquinhos 4.5, Luiz 5, Maxwell 6; Verratti 6, Cabaye 4 (Lucas Moura 66, 6.5), Matuidi 6 (Rabiot 80, 6); Cavani 4 (Lavezzi 80, 6.5), Ibrahimovic 4.5, Pastore 3. Subs not used: Douchez, Camara, Digne,  Bahebeck. Booked: Luiz. Referee: Svein Oddvar Moen (Norway) He was then a spectator on the half hour when his international team-mate got the second climbing unmarked to head Dani Alves’ cross past Salvatore Sirigu to make it 5-1 on aggregate. PSG’s soft centre cost them in the first leg and it was cruelly exposed again. Luiz was also booked inside the first five minutes for a foul on Andres Iniesta, who ran the first half. The man who won the World Cup for Spain but is these days criticised for neither scoring nor assisting went on a sublime run for the first goal, pulling away from Edinson Cavani and swerving past Marco Verratti before releasing Neymar. The French champions thought they were back in the game between the two Barcelona goals when on 17 minutes Zlatan Ibrahimovic had the ball in the net but he was a yard offside when Blaise Matuidi slipped him through and the flag was raised to rule out the goal. The Swede was jeered by Barcelona supporters in the early stages as was former Barcelona defender Maxwell but such was Barca’s dominance that home fans eased up on the light-hearted abuse. Suarez and Messi were also impressive in the first half and Alves looked like a man trying to impress a potential employer. PSG could still be a possible destination for him beyond the end of this season. He tested Sirigu from distance before his assist for Neymar’s second. With Suarez and Alves snapping into challenges and Iniesta and Neymar providing the finesse Barcelona were completely dominant – to the extent that for once Messi was not their most impressive performer. The home side eased up after the break and PSG breathed more easily without ever threatening to get back into the tie. Rakitic saw his shot saved and Messi went close with chip that Sirigu gathered. Barcelona star Lionel Messi is reunited with his former Nou Camp teammate Zlatan Ibrahimovic before kick-off on Tuesday night . Neymar tucks the ball past PSG goalkeeper Salvatore Sirigu to give Barcelona the lead after just 14 minutes . Neymar celebrates with Andres Iniesta after the Spain and Barcelona star had slid him through for the opening goal . Gerard Pique (left) joins in the celebrations after Barcelona had taken a 4-1 aggregate lead to relieve any pressure on them . Great Britain's tennis No 1 Andy Murray (left) was at the Nou Camp alongside his friend and former tennis player Ross Hutchins . PSG did force a save from Marc-Andre Ter Stegen 10 minutes into the second half when Ibrahimovic tried his luck from distance but the German keeper who has watched Claudio Bravo not put a foot wrong in the league all season gave another faultless display. Missing the domestic campaign has been tough but a final appearance in Berlin would be some consolation. Luis Enrique’s side were so comfortable at half-time Xavi replaced the impeccable Iniesta at the break. And it wasn’t long before Busquets and Suarez were also given early cuts. Barcelona still have a league to win and play the Catalan derby against Espanyol this weekend with sill just a narrow two point lead over Real Madrid. Iniesta had done enough in 45 minutes of football to not need to come out after half time. His performance and at times Barca’s was a throwback to some of their best football under Pep Guardiola when the won this completion in both 2009 and 2011. Iniesta was in sensational form for Barcelona before replaced at half time by veteran midfielder Xavi . Barcelona's captain had been criticised earlier this season for a lack of goals and assists but he looks to be back to his best . Guardiola was the name on most supporters lips at half time as news filtered through that Bayern were mauling Porto and were also heading for the semi-finals. The prospect of Barcelona and Bayern being drawn together on Thursday is mouth-watering. Although perhaps on current form, and in view of his side’s injuries, Guardiola might prefer to leave the reunions for Berlin on June 6. Neymar celebrates scoring his second goal of the night to put Barcelona 5-1 up on aggregate to set up a semi-final place . Neymar chats with Messi after the second goal as Barca look ahead to next month's semi-final .","Barcelona through to Champions League semi-finals after 5-1 aggregate win over Paris Saint-Germain .
Damage was done in first leg as Barcelona scored three away goals to take a healthy lead back to the Nou Camp .
Neymar scored twice in the first half to put result beyond any doubt on Zlatan Ibrahimovic's return to Barca .","Barcelona defeated Paris Saint-Germain in the Champions League semi-finals, with Neymar scoring two goals and tying David Luiz in the process. PSG's soft centre cost them in the first leg, and Luiz was booked for a foul on Andres Iniesta. Barcelona's dominance was evident, with Messi and Suarez impressing in the first half. PSG could still be a possible destination for Suarez beyond the end of the season."
"The twin 18-month-old boys who died after falling into an Arizona canal last week have been identified as bothers Eli and Silas Keslar of Yuma. While authorities in the southern Arizona town have not yet officially identified the victims, a Go Fund Me page set up this weekend named them and their parents, Mark and Alexis Keslar. Marlene Gleim, a friend of the boys' grandmother Marlena Martinez, set up the page after learning about their deaths on local media. The fund to cover memorial and medical costs for the boys has already raised over $10,000. Tragedy: The twin 18-month-old boys who died after falling into a Arizona canal this weekend have been identified as brother Eli and Silas Keslar. Pictured above on their first birthday with parents Alexis (left) and Mark Keslar (right) Too young: Authorities have not released any information on how the two boys ended up in the canal, but say foul play is not suspected . 'I would consider them family, and family is not always blood-related,' Ms Gleim told the Yuma Sun. 'I’m extremely… I’m at a loss of words with all of this.' 'No parent should ever have to lose a child, let alone two at once,' she added. It has not yet been revealed how the boys were swept away in the canal, but authorities have said they don't suspect foul play. Emergency: Above, the scene were the two boys were pulled out of the canal Friday morning in Yuma, Arizona . The toddlers are believed to have fallen in the water accidentally at 9.45am on Friday. After a police search that lasted more than an hour, the brothers were pulled from the water. They were flown by a U.S. Marine Corps helicopter to a Yuma hospital, where they were pronounced dead, Franklin said. The area along the canal is used by families for walks and by joggers and a family member was nearby when the boys ended up in the water. Yuma Fire Department spokesman Mike Erfert said their crews were called out on a possible drowning. Named: Officials have not yet officially identified the boys, but they were named over the weekend in a Go Fund Me campaign page. Pictured above in a recent photo posted to their grandmother's Facebook page . Touching: As of Sunday, the fund to cover memorial and medical costs for the two boys had raised over $10,000 . Helicopters from the U.S. Border Patrol and the Marine Corps also flew over the canal searching for the boys. The Border Patrol helicopter crew spotted the brothers in the water, Erfert said, and they were pulled out at about 11.20am. Paramedics began immediate life-saving efforts and the boys were quickly loaded onto the Marine Corps helicopter for the trip to the hospital.","Twin 18-month-old boys were pulled from a Yuma, Arizona canal on Friday .
Authorities still have not explained what led the boys to be swept away in the canal, but they don't suspect foul play .
Over the weekend, a Go Fund Me page was set up to cover their memorial and medical costs .
The campaign page identified the boys as Eli and Silas Keslar, sons of Mark and Alexis Keslar .","Two 18-month-old twin boys, Eli and Silas Keslar, died after falling into a canal in Arizona. A Go Fund Me page has been set up to cover memorial and medical costs for the boys. Authorities have not yet identified the boys, but suspect foul play is not suspected. The boys were named over the weekend in a Go Fund Me campaign page. The boys were found in the water accidentally at 9:45am on Friday. The area along the canal is used by families for walks and by joggers."
"A New York City cop checking in on his elderly parents on Friday was horrified to discover them dead along with two other guests in their home. Robert Hugel, who is assigned to the Technical Assistance Response Unit, found the victims, all in their 70s and 80s, just after 3 p.m. at the house in Bellerose in Floral Park, Queens. The New York Post reports that Jerry Hugel, 83, his wife Marianne Hugel, 80, died along with 70-year-old neighbor Gloria Greco, and friend Walter Vondthadden, 76, in an apparent carbon monoxide poisoning, possibly caused by a car left running in a garage. Scroll down for video . Married 60 years: Neighbors say that Jerry and Marrianne Hugel were a happily married couple for 60 years who loved to dance, garden, and observe their German heritage . Cleaning up: Police Department personnel remove one of the bodies from a home where four people were found dead on Friday . It appeared the car was accidentally left running in the garage, but it was unclear for how long, investigators said. Neighbors lined the streets and sidewalks in the suburban neighborhood next to Long Island's Nassau County. Some cried as police officers and firefighters walked around the Cape Cod-style, two-story home. Before police officially identified the victims, neighbor Helga Harter told The Associated Press that the couple was named Jerry Hugel and Marie Hugel, who were in their 80s and had known her for 40 years. 'They were wonderful people,' Harter said through tears as she stood on a street corner, looking at the home. 'They were married for 60 years.' Heartbroken son: Robert Hugel was checking in on his elderly parents on Friday when he found them dead due to apparent carbon monoxide poisoning along with two of their friends . Medical aid: Emergency personnel gather near a home where police say four people were poisoned to death . The Hugels had five children, including son Robert Hugel, a New York Police Department officer who was said to have found his parents lifeless bodies. She described them as a 'great family' very active in the local German community. She last saw them on Wednesday at a Bavarian dancing class they attended together. 'I'm in shock,' Harter said. 'It's the greatest shock of my life.' The Hugels had lived in the home for 40 years, and an elderly woman lived upstairs as their tenant, Harter said. No visible trauma was observed on the victims' bodies, police said. Carbon monoxide, an odorless and colorless gas, is created when some fuels are burned. Hugel was found in the seat of his car in the garage and his wife was found in the room directly next to the garage, reports The New York Post. The scene:  Police stand outside the floral park home where four elderly people were found dead and where to windows are now wide open in an attempt to ventilate the apparent fume filled house . The couple’s friend, age 73, had been seated in the living room and the tenant, who sources said was older than 60, was found on the second floor at the top of the stairs. Neighbors were heartbroken after hearing about the deaths. 'It looks like it was accident, someone just forgot to turn the car off,' a source told The New York Daily News. 'The windows were air-tight, so there was nowhere for the gas to go.' 'It is very surreal,' said Barbara Stoja. 'We knew them for over 35 years. They were very fun people, they were dancers.' 'This is something you see on TV. It is so sad we all know each other to know he is not going to be there anymore.' Stoja said that Jerry Hugel was an avid gardener. 'He was just talking to my husband about planting tomatoes,' she said. Open windows: The four elderly people who died are thought to have been killed by carbon monoxide poisoning and police opened the windows of their home in an attempt to ventilate it . Stunned: Bystanders surround the Floral Park, Queens home where four elderly people died . 'He and my husband compare gardens all the time.' Neighbor Melissa O'Reilly said that the Hugels were avid dancers who loved their German heritage. 'They were such nice people, it’s really sad,' said Melissa O'Reilly, whose parents have lived on the block for three decades. 'They are a really nice family, everyone loves them, just good people, their kids are very nice.' O'Reilly said she knew the family for about 30 years. 'I grew up here, we always called them Mr. and Mrs. Hugel,' O’Reilly said. 'They have lived in that house before my parents moved here, and that was 30 years ago.' The deaths come on the heels of other deadly carbon monoxide incidents that killed at least 10 people on the Eastern Seaboard in recent weeks. A man and his seven children were found dead Monday in a home in Princess Anne, Maryland, where they apparently were poisoned in their sleep while running a generator after a utility cut power to their home on the state's Eastern Shore. The utility, Delmarva Power, said it cut off electricity for safety reasons on March 25, although relatives said the family was behind on its power bills. The family was last seen alive March 28. Saddened: Bystanders gather at the scene where four people were found dead on  Friday, April 10 . On Wednesday, a woman and her 7-year-old daughter were found dead of carbon monoxide poisoning in their home in East Orange, New Jersey. Prosecutors said a utility company had shut off power at the home on Tuesday and a gas generator was being used there without proper ventilation. There was an inoperable carbon monoxide detector in that home, they said. City Councilman Mark Weprin, who represents the area including Floral Park, said he hoped the tragedy would shed light on the importance of having and maintaining carbon monoxide detectors in all homes and apartments. 'My thoughts and prayers go out to the friends and families of the victims,'  he said in an emailed statement. Shaken: Neighbors gather at the scene where four people died due to apparent carbon monoxide poisoning .","NYC cop Robert Hugel discovered his parents Jerry, 83 and Marianne Hugel, 80, dead in their Queens home with 'carbon monoxide poisoning'
The elderly couple was found dead along with neighbor Gloria Greco, 70, and friend Walter Vonthadden, 76 .
It appeared the car was accidentally left running in the garage, but it was unclear for how long, investigators said .
Neighbors say the couple were happily married for 60 years .","A New York City police officer found his elderly parents and two of their friends dead in their home in Queens, likely due to carbon monoxide poisoning. The incident occurred on April 10, 2018, and was the second carbon monoxide poisoning death in a week in New York City."
"Manchester United will have to wear Nike kit during their summer tour of the US, despite their world-record deal with adidas. The club are expected to jet across the Atlantic in July for a trip of around 12 days, which would have been an ideal opportunity to showcase their new gear following their £750m, 10-year agreement. However, their existing deal with Nike runs until the end of July and Sportsmail understands there is no buy-out agreement that would allow the club to exit the agreement early has been agreed. Manchester United will have to wear Nike kit during their summer US tour , despite their new adidas deal . Wayne Rooney and co are expected to jet across the Atlantic in July but will have to wear their old kit . adidas are the new sponsors in a £750million deal but there is no buy-out clause in Nike deal that ends in July . Ryan Giggs is pictured in an adidas shirt, the Barclays Premier League side last wore adidas shirts in 1992 . That means that unless United remain in America until August 1 - a week before the start of the season - fans will have to wait to see the new kit while their team continues in what will effectively be an old ensemble. As reported on Wednesday, the tour will be shorter than last year's epic trek across the country and is likely to be confined to the west coast thanks to input from manager Louis van Gaal. The Dutchman, who pays ferocious attention to detail, vowed that a repeat of last summer would not happen again on his watch and believes to this day that the effects of the pre-season schedule cost his side dearly when the real action started. Louis van Gaal has had a big input on United's pre-season plans, restricting the US tour to just 12 days . Van Gaal believes the extensive tour last year hampered United and it will now be restricted to the west coast . United traditionally stage a pre-season friendly at Old Trafford and August 1 would seem a logical choice . United traditionally stage a pre-season friendly at Old Trafford and August 1 would seem a logical choice. They faced Valencia last year and Sevilla in 2013 although the Olympics prevented such a fixture taking place in 2012. Officials like a test run to ensure new equipment is working and to allow new staff to get used to a matchday operation at Old Trafford.","Manchester United signed a £750million, 10-year kit deal with adidas .
But the Old Trafford club will have to wear old Nike kit on US tour .
United are expected to stage a 12-day tour of the US west coast .
There is no buy-out agreement in Nike's current deal which ends in July .","Manchester United will have to wear Nike kit during their summer US tour, despite their new adidas deal. The club's tour is expected to be shorter than last year's trip and is likely to be confined to the west coast due to manager Louis van Gaal's input. The Dutchman believes the extensive tour last year hampered United and will now be restricted to the west coast. United traditionally stage a pre-season friendly at Old Trafford and August 1 would seem a logical choice."
"It’s one of the most striking style transformations in British politics. SNP leader Nicola Sturgeon has left her boxy jackets and severe suits in the past - and she proved her new style credentials with a stunning appearance yesterday morning. The 44-year-old looked particularly glamorous on her way to BBC’s Andrew Marr Show in a fuchsia column dress that flattered her slimmed-down physique. Scroll down for video . SNP leader Nicola Sturgeon has left her boxy jackets (in 2012, left) and severe suits in the past - and she proved her new style credentials with a stunning appearance yesterday morning (right) Miss Sturgeon (pictured last year, right, and in 2009, left) is rumoured to have hired a personal shopper and employed a stylist in the run-up to the Scottish parliament election in 2007 . She looked svelte in the £179 knee-length 1940’s-style ‘Blitz’ dress by Edinburgh fashion label Totty Rocks, which was paired with a pair of raspberry stilettos. Miss Sturgeon has been praised recently for her sartorial choices. She now favours skirt suits that cinch in at the waist and skim the knee. She is rumoured to have hired a personal shopper and employed a stylist in the run-up to the Scottish parliament election in 2007. And her hair has been dyed lighter and cut it in a shorter, sleeker style. Miss Sturgeon’s new look is a world away from her appearance in 2010 when she modelled clothes made from blankets in a charity event (left) In earlier photographs, from the late 1990s (left), Miss Sturgeon’s dark hair, cut into a choppy style, made her look older than her years. Nicola Sturgeon as a schoolgirl, right . Although the SNP leader claims to be uninterested in splashing out on expensive clothes and bags in the past, she has admitted to a fondness for Kurt Geiger shoes. Miss Sturgeon’s new look is a world away from her appearance in 2010 when she modelled clothes made from blankets in a charity event. In a shapeless knee-length yellow shift dress, Miss Sturgeon looked less groomed and glamorous than she has in recent months. And in earlier photographs, from the late 1990s, Miss Sturgeon’s dark hair, cut into a choppy style, made her look older than her years.","SNP's Nicola Sturgeon looked glamorous as she arrived at BBC yesterday .
Nationalist wore fuchsia dress that flattered her slimmed-down physique .
Miss Sturgeon has left her boxy jackets and severe suits in the past .
She is rumoured to have hired a personal shopper and a stylist in 2007 .","Nicola Sturgeon, the SNP leader, has transformed her style from boxy jackets and severe suits to a sleeker, svelte look that includes a shorter, sleeker hairstyle and Kurt Geiger shoes. She has hired a personal shopper and stylist to help with her wardrobe choices. Her new look is a world away from her appearance in 2010 when she modelled clothes made from blankets in a charity event."
"Roberto Carlos has revealed his desire to one day become manager of Brazil and the former Real Madrid defender claims he finds coaching 'very easy' after the pressures he faced as a player. The 42-year-old, a World Cup winner in 2002, has already worked on the sidelines in Turkey with Sivasspor and  Akhisar Belediyespor. He guided Sivasspor to sixth place in the 2013-14 Turkish Super Lig but departed in December after a poor start the following year. Roberto Carlos claims to find coaching 'easy' and is targeting becoming the manager of Brazil . As a player with Brazil, Carlos (right) won the 2002 World Cup held in Japan and South Korea . Carlos (second left) celebrates winning the Champions League in 2000 by beating Valencia 3-0 in the final . Despite that, Carlos has not had his confidence shaken and aims to eventually lead Brazil. 'My objective is to coach the national team,' Carlos said to Folha de Sao Paulo. 'I know I have a long way to go yet and for that reason I won't put a timeframe on how long it will take. 'Everything I experienced in the national team was amazing. I was there for 14 years and won several titles: the Copa America, Confederations Cup and the World Cup.' Carlos added that he learnt something from all the managers he worked under as a player, including the current England boss Roy Hodgson at Inter Milan, and thinks it could be why he finds coaching straightforward. Carlos (right) added that he has learnt a lot from the managers he worked for as a player . Carlos played for a number of top coaches, such as England managers  Fabio Capello (left) and Roy Hodgson . 'It's very easy,' he explained. 'I was well prepared by playing football and living under pressure. I spent my career at big clubs. 'I've learned something from all the coaches I've worked with: (Mario) Zagallo, (Carlos Alberto) Parreira, (Vicente) Del Bosque, (Fabio) Capello, (Luiz Felipe) Scolari and Roy Hodgson.'","Roberto Carlos says the pressures faced as a player makes coaching easy .
He won the World Cup with Brazil and  Champions League with Real Madrid .
The former defender said he learnt from all the managers he played under .","Roberto Carlos, a former player and current manager, has revealed his desire to become the manager of Brazil. He claims that coaching is ""very easy"" after the pressures he faced as a player, and has already worked with Sivasspor and Akhisar Belediyespor. Carlos has also stated that he learned something from all the managers he worked under as a player, including Roy Hodgson at Inter Milan."
"Ed Miliband today rushed to Scotland to try to shore up his hope of becoming Prime Minister as a damning poll showed almost half of Scots are ready to back the SNP. The Labour leader used a speech in Edinburgh to claim the Tory election campaign has descended into 'desperation and panic', as some polls put Labour ahead across the UK. But Mr Miliband has been rocked by a survey showing that in Scotland, 49 per cent of people plan to vote for the SNP, with just 25 per cent backing Labour, robbing him of any possibility of an overall majority. Scroll down for video . A poll of Scotlans shows 49 per cent of people plan to vote for the SNP, with just 25 per cent backing Labour . There has been a surge in support for the SNP in the months since the independence referendum in September . In September's referendum, 55 per cent voted in favour of staying in the UK, but the SNP has seen a surge in support since then and is set to take dozens of seats from Labour in the general election on May 7. The new YouGov poll for The Times shows Labour is down four points on last month to their lowest level since the survey began in 2007. The SNP is up three points to 49 per cent, a record high. Support for the Conservatives was up two points at 18 per cent and backing for the Liberal Democrats was up one point at 4 per cent. The results have delighted First Minister Nicola Sturgeon, who insisted she is taking 'absolutely nothing for granted'. 'The polls are hugely encouraging and they show that that case that the SNP is putting forward for an end to austerity and support for the NHS and public services is winning support across Scotland.' Ms Sturgeon has offered to prop up a Labour government, even if the Tories win more seats on May 7. However, the SNP leader demanded full fiscal autonomy for Scotland in return, meaning all money raised in tax north of the border would be spent there. Labour leader Ed Miliband said the SNP's plan 'will mean a £7.6 billion hole in Scotland's finances' In a joint press conference, Mr Miliband was joined by his shadow chancellor Ed Balls and Scottish Labour leader Jim Murphy . The SNP has proposed 'a modest increase in public spending' to end austerity and allow Scotland's health budget to rise by £2 billion by 2020. 'Let us lift austerity and have spending increases in the next parliament that are fiscally responsible but allow us to spend more money on our vital public services like the health service,' she said. 'I am proposing an increase in spending in the health service across the UK that would see by the end of this decade an additional £2 billion being spent on the NHS in Scotland. 'That's the choice we have at this election - continued austerity being proposed by the Tories and Labour, or an alternative to austerity, which is what the SNP is proposing, and we need a strong Scottish voice in Westminster that can force that alternative to austerity.' But in a joint press conference, Mr Miliband, his shadow chancellor Ed Balls and Scottish Labour leader Jim Murphy said the SNP's plan 'will mean a £7.6 billion hole in Scotland's finances'. Mr Miliband said: 'Today I challenge Nicola Sturgeon and the SNP to say how they will fill this GBP7.6 billion gap. Which services will be cut? Which taxes will be raised? And what cuts will it mean for pensioners in Scotland when they are taken out of the UK pensions system? 'The SNP claim in this campaign to be proposing no reductions in spending, but in fact they are planning dramatic reductions in spending. They must now come clean.' SNP leader Nicola Sturgeon, pictured in Sterling today, has offered to prop up a Labour government, even if the Tories win more seats on May 7 . Ms Sturgeon joined with local candidate Steven Paterson while on the campaign trail in Stirling . The latest poll results have delighted First Minister Nicola Sturgeon, who insisted she is taking 'absolutely nothing for granted' Mr Miliband pledged: 'I will never sell Scotland short by signing up to the SNP's plans. And I will never sell Britain short by abandoning the pooling and sharing of resources. Because this is a pooling and sharing which benefits all parts of our country, because we look after each other and we know we can only tackle the problems our country faces across the whole of the United Kingdom.' Speaking ahead of Mr Miliband's speech, Ms Sturgeon claimed that Labour was 'wrong' in its analysis. 'This is desperation on the part of the Labour Party,' the SNP leader said during a campaign visit to Stirling. 'Instead of putting forward a positive case of their own, they are resorting to the same fears and smears that they resorted to during the referendum. 'The truth is, the only cuts on the horizon for Scotland are the ones that the Tories are proposing and Labour are backing.'","YouGov poll of Scots: 49% backing SNP, 25% Labour,  18% Conservatives .
SNP leader Nicola Sturgeon offered to prop up Miliband in government .
But she is demanding full fiscal autonomy as a price for her support .
Miliband warns it would create a £7billion blackhole in Scottish finances .","Ed Miliband, the Labour leader, attempted to shore up his chances of becoming Prime Minister by using a speech in Edinburgh to claim that the Tory election campaign has descended into ""desperation and panic."" However, a poll showed that almost half of Scots are ready to back the SNP, robbing him of any possibility of an overall majority. The SNP has proposed a ""modest increase in public spending"" to end austerity and allow Scotland's health budget to rise by £2 billion by 2020. The SNP leader demanded full fiscal autonomy for Scotland in return, meaning all money raised in tax north of the border would be spent"
"A young waitress has claimed that England footballer Aaron Lennon grabbed her, slapped her and ripped her top as he partied in the VIP suite of a nightclub. The 18-year-old reportedly fled to the toilet in tears and afterwards told police that the £55,000-a-week Tottenham winger had left her with a bruise below her eye. The 28-year-old, who is on loan to Everton, was reportedly interviewed by officers under caution over the alleged assault earlier this month. A teenage waitress claims England footballer Aaron Lennon (pictured playing for Everton) grabbed her, slapped her and ripped her top . After taking part in Everton's 1-0 win at home against Southampton on April 4, Lennon is thought to have headed to Suede nightclub in Manchester with friends. Lennon, who has 21 England caps, lives in a penthouse apartment in the city centre. That night, the venue, which is popular with Premier League footballers, was packed with hundreds who had come to see singer Trey Songz perform. But later in the evening, the waitress claimed to have been attacked by the player in the VIP section - where booths cost £2,000. She was interviewed by Greater Manchester Police four days later. A source told The Sun's Michael Hamilton and Dean Wilkins that the girl, who is 'very pretty', had worked at the club for just under a year. He added that the footballer and his friends were 'spending a lot of money on drinks'. Police are investigating the alleged incident at Suede nightclub (pictured) in Manchester which is popular with Premier League stars. On the night of April 4, singer Trey Songz (right) performed at the venue . 'She got really upset, left what she was doing and rushed to the toilet,' the source said. 'She came out about an hour later and was annoyed security had not done anything and kicked Lennon out. 'She says he grabbed her and ripped her top and then slapped her.' On April 15, the day before Lennon's 28th birthday, he was interviewed by police officers on suspicion of assault. Police confirmed no arrests were made and an investigation is ongoing. A Greater Manchester Police spokesman told MailOnline: 'On Wednesday 8 April 2015, police were called following reports an 18-year old woman had been assaulted at Suede night club, Longworth Street, Manchester city centre on Sunday 5 April 2015. 'A man has been interviewed under caution. No arrests have been made and enquiries are ongoing.' MailOnline has contacted Mr Lennon's agent and club for comment.","Lennon reportedly partied at Suede nightclub in Manchester on April 4 .
Venue packed with hundreds who had come to see Trey Songz perform .
Alleged victim says £55,000-a-week star left her with bruise below her eye .
Tottenham winger, on loan to Everton, interviewed on suspicion of assault .
Greater Manchester Police spokesperson said no arrests have been made .","A 18-year-old waitress claims that England footballer Aaron Lennon grabbed her, slapped her, and ripped her top in a VIP suite of a nightclub. Lennon is on loan to Everton and was interviewed by police under caution over the alleged assault. The incident occurred at Suede nightclub in Manchester, where Premier League footballers frequent. The waitress was upset and kicked Lennon out of the club, claiming he grabbed her and ripped her top and slapped her. The police are investigating the incident and no arrests have been made."
"When Barcelona midfield maestro Xavi came on as a half-time substitute against PSG in the Champions League quarter-final on Tuesday night he sent records tumbling. The former Spain international played for 148th time in the competition, more than any other player since the tournament changed to its current format in 1992. Xavi also set the record for the most appearances in the knockout phase of the Champions League having now featured in 53 matches in the latter stages. Xavi made his 148th Champions League appearance against PSG on Tuesday night . Former Spain international Xavi shares a joke with his former team-mate Zlatan Ibrahimovic after the game . They are not records that the 35-year-old is likely to hold on his own for long, however. Real Madrid goalkeeper Iker Casillas is in line to equal Xavi's total in both Champions League games and knockout matches when Carlo Ancelotti's side take on Atletico in the second leg of their quarter-final on Wednesday night. While, Casillas' team-mate Cristiano Ronald will join Xavi on 53 knockout appearances if, as expected, he plays against Atletico. Former world champion Xavi also became the leading appearance-maker in all European competition with 170. Xavi celebrates with his team-mates after Barcelona won the Champions League in 2009 . Xavi (centre front) lines up for a Champions League clash against Manchester United in 1998 . Barcelona's safe passage to the semi-final was secured with a 2-0 win against the French champions as Neymar Jnr netted twice in the first half at the Nou Camp to give the Catalans a 5-1 aggregate win. Their progression gives Xavi the opportunity to play a further three times in the Champions League this season, should Barca reach the final. This is likely to be the midfielder's last season playing in the competition as he continues to be linked with a summer move to Qatari club Al Sadd, with reports in Spain suggesting he will sign a three-year deal. Real Madrid goalkeeper Iker Casillas can equal Xavi's Champions League appearances - all time and in the knockout phase - if he faces Atletico on Wednesday night . Cristiano Ronaldo will also draw level with Xavi for knockout stage appearances if he features on Wednesday . Casillas, meanwhile, has to help Real Madrid overcome their local rivals at the Bernabeu if he is to have any chance of adding to his appearances this season. Though the Spain goalkeeper is almost certain to pass his former international team-mate next season. Casillas has been linked with a move away from Real Madrid but joining a club playing in the Champions League would be a prerequisite for the experienced keeper.","Barcelona beat PSG 2-0 on Tuesday to reach Champions League semi-final .
Xavi came on at half-time to make his 148th appearance in the competition .
It is more than any other player but Iker Casillas can equal it on Wednesday .
Xavi also broke the record for most knockout stage appearances with 53 .","Xavi, the Barcelona midfielder, set records for most appearances in the Champions League and most appearances in the knockout phase of the tournament. Real Madrid goalkeeper Iker Casillas is in line to equal Xavi's total in both Champions League games and knockout matches. Cristiano Ronaldo will join Xavi on 53 knockout appearances if he features against Atletico."
"The first dramatic footage of the Hatton Garden jewellery heist shows how the gang returned twice in three days to continue their audacious robbery  - as it is revealed police may have to pay out millions in compensation for ignoring the alarm. The six-strong gang dressed in high-vis jackets were captured on CCTV working throughout Thursday night having successfully broken into the basement of the building in the heart of London’s jewellery district. Shockingly, the footage reveals they returned again on Saturday - spending another eight hours cleaning out the jewels and cash left there for safekeeping. Scroll down for video . The Mirror has obtained the first pictures of the six-strong gang which raided Hatton Gardens last week . Images obtained by the Daily Mirror reveal the precise timings of the raid for the first time - as well as the fact they used wheelie bins to remove millions of pounds worth of jewellery and valuables from the safe. Scotland Yard tonight refused to confirm to MailOnline whether they had seen the footage before it was handed to them by the Mirror, but it is likely to place even more pressure on police already under fire for not responding to the alarm. The footage begins at 9.23pm – just four minutes after staff at the safety deposit centre lock up for the Easter weekend – as the first thief appears on camera carrying a black bin bag. It was unclear exactly where the cameras were situated, but at least one is aimed outside the building and shows a white van thought to be the getaway vehicle. Over the following four nights, half a dozen raiders are seen lugging heavy-duty tools, including massive bolt cutters and a red monkey wrench down to the secure vault. Each member of the gang is wearing builder’s overalls and high-visibility vests. At least one has a balaclava over his face, while others wear dust masks – but each one is partially reconisable. The first raider to appear has been dubbed Mr Ginger after the colour of his hair. Another, wearing a builder’s hat, has been referred to as Mr Strong and is seen carrying steel supports that may have been used for the diamond-tipped drill that police say cut through into the vault. The gang is thought to have hidden in an office before abseiling down a lift shaft and drilling into a vault . The Tall Man – who wears an Adidas tracksuit – carries two red tools up and down the stairs. Another, dubbed the Old Man because of his grey hair, later appears to struggle for breath in the footage as he lugs bags from the vault. Two other raiders have been nicknamed The Gent, for his smart brown shoes, and Mr Montana because he is wears a sweatshirt emblazoned with the word. Reports say that he has a shaved head, and possibly an earring in his left ear. At about 9.40pm the gang disappear into the building. At 7.52am on Good Friday, according to the footage, members of the gang can be seen again. The street camera captures the white Transit pull up to the alley. On Sunday, at around 6am, the gem thieves can be seen dragging heavy wheelie bins and several black bags back up the stairs. It has been reported these contained potentially millions of pounds worth of jewellery and valuables. The last trace of the raiders is recorded at 6.44am on Easter Sunday, when a white van pulls up and the gang load it with all the remaining equipment and disappear. Detective Chief Inspector Paul Johnson of the Flying Squad, speaks to journalists outside Hatton Garden Safe Deposit Ltd today following last weekend's burglary in London . Another suspect, riding a moped, may also be connected to the gang. The raid was not discovered until the following Tuesday . The thieves apparently thought they had covered all their bases when covering their footsteps, but had failed to realise they had missed the cameras. A source told the Mirror: 'This was clearly the work of a professional gang who planned this job down to every last detail. 'But they may have made a mistake in leaving this footage behind.' The footage came to light as Scotland Yard was forced to admit it did not respond to a burglar alarm triggered during the raid - which could make it liable for million in compensation. That failure to investigate immediately left the gang free to work uninterrupted over Easter and escape with gems and cash worth ‘millions and millions’ from 70 deposit boxes - as can clearly be seen in the video. Officers were informed that the warning had been triggered shortly after midnight on Good Friday. But they decided that the possibility of a burglary did not need immediate investigation. Instead, a private security guard is understood to have made a cursory check of the building. Last night, jewellers who rent boxes with the Hatton Garden Safe Deposit Ltd security firm accused the police of incompetence and threatened to sue them and the owners of the deposit company. One jeweller, a 63-year-old named Michael, said: ‘As far as I’m concerned the police have got a lot to answer for. Suing anyone is a last resort but it’s something I would consider.’ A gang of criminals broke into the Hatton Garden Safe Deposit Ltd over the Easter Bank Holiday weekend . Another jeweller called Ryan, who runs a business with his father in Hatton Garden, added: ‘It is just unbelievable that they could ignore a call from an alarm company.’ The deposit firm has also faced criticism over the building’s ‘antiquated’ alarm system. Security expert Seamus Fahy, 47, said: ‘It was a well-planned heist, but the lack of modern technology made it a lot less difficult than it should have been.’ A Scotland Yard spokesman said: ‘A grade was applied to the call that meant that no police response was deemed to be required. We are now investigating why this grade was applied to the call. ‘It is too early to say if the handling of the call would have had an impact on the outcome of the incident.’","CCTV images reveal how the six-strong gang worked through the night .
Professional gang seen using wheelie bins to carry their ill-gotten gains .
Footage revealed as Scotland Yard admits it did not respond to the alarm .
Police force could now be forced to pay out millions in compensation .","The Hatton Garden jewellery heist, which took place over the Easter Bank Holiday weekend, was captured on CCTV footage showing six-strong gang members returning to the safe deposit vault twice in three days. The gang used wheelie bins to remove millions of pounds worth of jewelry and valuables from the vault, and the footage reveals the precise timings of the raid for the first time. The heist was not discovered until the following Tuesday, and the failure to respond to a burglar alarm triggered during the raid could make the police liable for millions in compensation. The heist was described as a professional job planned down to every last detail, and the"
"Thierry Henry has criticised Arsenal's recent dealings in the transfer window and has urged his former side to purchase four top players in the summer. The Frenchman believes Arsenal need a goalkeeper, centre back, defensive midfielder and striker if they are to have any chance of winning the Barclays Premier League title. Henry, who was speaking after Arsenal's goalless draw with Chelsea, also hit out at Olivier Giroud by claiming the Gunners will struggle to win the league if his fellow countryman is to remain as the club's first choice striker. Sky Sports pundit Thierry Henry questioned whether Arsenal can win the title with Olivier Giroud in attack . Henry (centre) said after Arsenal's goalless draw with Chelsea that Giroud (right) may need replacing . Hull (away) - May 4 . Swansea (home) - May 11 . Man United (away) - May 17 . Sunderland (home) May 20 . West Brom (home) - May 24 . Speaking as a pundit on Sky Sports, Henry said: 'I think they need to buy four players - they need that spine. They need a goalkeeper, they still need a centre back, they still need a holding midfielder and, I'm afraid, they need a top, top quality striker to win this league again. 'You had the best example with Chelsea here today. They were struggling last season to win the league. They went on to buy [Thibaut] Cortouis, [Nemanja] Matic, Cesc [Fabregas] and [Diego] Costa. 'For me, that speaks volumes and you saw it today - a team didn't and a team did, and they are about to win the league again. Arsenal are third in the Premier League, level on points with Manchester City but with a game in hand . 'He [Arsene Wenger] has to do it. You need to have this competitive thing within the group - to win the league, that has to happen.' And he added on Giroud's inability to lead Arsenal to the title despite scoring 14 league goals so far this season: 'I think Giroud is doing extremely well. But can you win the league with him? I wouldn't think so. 'He does a job, and he does it ever so well, but you can't win the league. 'Arsenal were at the top of the league last season, but everyone was saying they are not going win the league.' Arsenal need to sign players of a similar calibre to Thibaut Courtois, Nemanja Matic, Cesc Fabregas and Diego Costa, according to Henry . Giroud, pictured during Arsenal's match against Chelsea, has scored 14 Premier League goals this season .","Thierry Henry hit out at Arsenal striker Olivier Giroud after Chelsea draw .
The Sky Sports pundit does not believe Giroud can lead side to glory .
Arsenal need four 'top quality' stars to challenge for Premier League title .
Henry's former side drew 0-0 with Chelsea at the Emirates Stadium .
READ: Arsenal needed to ask different questions of the Chelsea defence .","Arsenal's former captain, Thierry Henry, has criticized the club's recent transfer window and urged them to purchase four top players to have a chance of winning the Barclays Premier League title. Henry believes Arsenal need a goalkeeper, centre back, defensive midfielder, and striker to compete with the likes of Chelsea. Henry also expressed his concern about Olivier Giroud's inability to lead Arsenal to the title despite scoring 14 league goals this season."
"New York Governor Andrew Cuomo has become the first governor in five years to visit Cuba, following President Obama's ease on trade and travel to  the communist nation. The Governor is heading a delegation of 18 academics and business leaders visiting the island in the wake of the December announcement that the US and Cuba would restore diplomatic relations after more than a half century of hostility and confrontation. Today, Cuomo met with Cuba's top officials for U.S. relations along with executives from Jetblue, MasterCard, Pfizer and other New York-based companies. Scroll down for video . Thumbs up: Andrew Cuomo has become the first American governor to visit the island since the recent thaw in relations with the communist nation, is meant to foster greater ties between New York and Cuba . Local tradition: Governor Cuomo enjoys a mojito during a meeting at the Hotel Nacional in Havana on the first evening of the delegation's visit . Business first: Cuomo has met with Cuba's top officials for U.S. relations along with executives from Jetblue, MasterCard, Pfizer and other New York-based companies . 'Like the people in Cuba, the people in New York and the United States are very excited about the courage that your president, Raul Castro, has shown, and the leadership that he has shown,' Cuomo said. 'We believe that this is going to be a dramatic change that is going to be to the benefit of the people of Cuba and also to the people of the United States.' Cuomo said the purpose of his visit was to see what can be . done now and look to the future should full trade be restored. Marilu B'Hamel, director of North American affairs at Cuba's foreign trade and investment ministry, said the visit was . welcomed and would 'serve to explore the potential between our . two countries and support the progress of normalization.' MasterCard says it is ready to provide service in Cuba and . JetBlue has said it wants to begin direct commercial flights to . Cuba. Meeting: New York Governor Andrew Cuomo, center, shakes hands with Cuba's Minister of Foreign Trade Rodrigo Malmierca at the Hotel Nacional in Havana . Checking the engine: Cuomo smiles after seeing a Japanese Toyota engine fitted into a 1956 Chevrolet . Speech: Cuomo addresses members of the press alongside (from left) Cuba's Maria de la Luz B'Hamel, director of the North American Department at Cuba's Ministry of Foreign Trade and Foreign Investment, Carl E. Heastie speaker of the New York Assembly and New York State Senator Andrea Stewart-Cousins . Mojitos sir? Antonio Martinez, Director of the Hotel Nacional, front left, shows Governor Cuomo, and the delegation of academics and business leaders the bar of the hotel . Neither has reached a deal with Cuban officials, but by . Monday afternoon the delegation was in initial talks with Cubans . from biotechnology, aviation, banking and tourism after lunching . with the Foreign Trade and Investment Minister Rodrigo . Malmierca. 'Our meeting with Minister Malmierca was very exciting and . informative,' Cuomo said. 'There is much hope for the future.' Obama loosened the trade embargo early this year with a series of executive actions that allow easier U.S. travel to Cuba, more remittances to the island and, at least on paper, U.S. exports to support the island's relatively new private business sector. Obama also moved to remove Cuba from the U.S. list of state sponsors of terror, removing a barrier to access to the global financial system. Cuban officials have been pushing Obama to go further with measures that could include more specific federal licenses for U.S. businesses to trade with Cuba in ways currently prohibited. 'The president of the United States has the ability to grant licenses to businesses so that businesses can actually start developing right now in select areas and those are areas that we want to pursue,' Cuomo said. Ten previous U.S. governors have visited Cuba since 1999 but none since 2010, according to the U.S.-Cuba Trade and Economic Council.","Cuomo first US governor to visit Cuba since ease on trade and travel .
Heads delegation of 18 New York academics and business leaders .
President Obama eased trade and travel restrictions earlier this year .","New York Governor Andrew Cuomo became the first American governor to visit Cuba since the recent thaw in relations with the communist nation, with the purpose of exploring potential for greater ties between New York and Cuba and looking to the future should full trade be restored."
"The desperate parents of a boy whose head hangs at a 180-degree angle have admitted they would rather he died than continue to suffer. Mahendra Ahirwar, 12, from Madhya Pradesh in central India, suffers from a rare condition that makes his neck bend and his head hang from his body. His weak backbone means he can't stand or walk and is  restricted to a sitting position. Mahendra can just about crawl but needs help to eat and go to the toilet. Undiagnosed: Mahendra Ahirwar's parents say they would rather see him dead than suffer the way he is now . Mahendra's mother Sumitra Ahirwar, pictured here with her son, says watching his life is 'devastating' His father Mukesh Ahirwar, 40, and mother Sumitra Ahirwar, 35, who both work as labourers when they can, say they have consulted more than 50 doctors across India but none could diagnose his condition. ‘I cannot see him suffer anymore,' said Sumitra. 'Watching his life is devastating. 'He cannot do anything by himself. He just sits in a corner of the room all day. It's no life.' She added: 'I have to carry him like a baby everywhere but he is 12 years old, how will I carry him when he grows even older?' ‘If doctors cannot treat my son it is better that God takes him.’ Shockingly, members of the community have blamed Mahendra's condition on Mukesh's past sins and believe he is to blame for his son's disability. Sumitra, who also has healthy 16 and 10-year-old sons and a 14-year-old daughter, did not visit a doctor when she was pregnant with Mahendra. Family: Mahendra pictured with his mother Sumitra (left), sister Manisha (second from left), and brothers Surendra (second from right) and Lalit (right) Mukesh (pictured left carrying his son) has borrowed money from friends and relatives to help find medical treatment for Mahendra (left and right) Mukesh said: ‘Our other children had all been born normally with no problems so we never thought to consult a doctor or have an ultrasound done with Mahendra, and he was born at home just like his siblings.' The couple only noticed their son’s head was starting to hang when he was about six months old. 'At first we thought he was just a little weak and he'd be fine in time, but by his third birthday he wasn't able to keep his head upright at all,' his father explained. Mukesh, who earns about Rs200 (£2) a day on construction sites, has borrowed money from his friends and relatives to help find medical treatment for his son. But he said two years ago he decided to stop taking Mahendra to see any doctors, adding: 'I took him to all the hospitals that I could afford. 'Even India's premier hospital, All India Institute of Medical Sciences  in New Delhi, but after spending two weeks there doctors failed to tell us if my son could be treated. ‘With a broken heart we returned home and decided to raise him and try to give him as comfortable a life that we can.' Mahendra pictured with his father Mukesh (left),  mother Sumitra (seated) and brothers Lalit (centre) and Surendra (second from left) Sumitra has now lost all hope of a treatment being found for her son and says: 'If doctors cannot treat my son it is better that God takes him' Mukesh added: 'People say bad things about him, and they often laugh at him. It really hurts us. 'We cannot tolerate people's attitudes and discrimination. They say I must have committed some terrible sins and this is why he is suffering, it’s awful.' Mahendra doesn't go to school so his only friends are his siblings and his cousins. Dr Shashidhar Tatavarthy, an ear, nose and throat consultant at Delhi's Artemis Hospital, thinks Mahendra has a muscular disorder. He said: ‘This is one of the rarest of rare cases. His condition could be due to a spine anomaly or muscular disorder, but it can only be concluded after a thorough investigation.' Mukesh is still hoping for a miracle. 'If doctors can treat babies born with severe disabilities like two heads and give them lifesaving operations then why not my son?' he said. 'I still have so many hopes and dreams for him. I want to see him go to school and play with other kids. I want to see him living a normal life and I am hoping that my wish will be fulfilled one day.'","Mahendra Ahirwar, 12,  has a bent neck and his head hangs from his body .
His parents Mukesh and Sumitra Ahirwar say they'd rather their son died .
They claim Mahendra has seen 50 doctors but none have given a diagnosis .","A 12-year-old boy from India, Mahendra Ahirwar, suffers from a rare condition that causes his neck to bend and his head to hang from his body. His parents, Mukesh and Sumitra Ahirwar, have consulted over 50 doctors but have not been able to diagnose his condition. They blame the condition on their son's past sins and believe he is to blame for his disability. The couple has borrowed money from friends and relatives to find medical treatment for Mahendra, but doctors have failed to treat him. Mahendra's only friends are his siblings and cousins, and his parents hope that doctors can"
"A hardware store worker has been found guilty of ejaculating in his female colleague's coffee in a bid to get noticed. John R. Lind, 34, admitted on Thursday to tainting Pat Maahs' drink with his semen while they worked together at Beisswenger’s hardware store in New Brighton, Minnesota. Ramsey County District Court heard that he masturbated over her desk multiple times while she was away. John R. Lind, 34, (left) admitted tainting Pat Maahs' (right) drink with his semen while they worked together at Beisswenger’s hardware store in New Brighton, Minnesota . Initially, Maahs thought the coffee smelled bad because the milk in the office was spoiled. She told the Minneapolis Star Tribune: 'I’m glad he’s getting something, because I believe he deserves some punishment. So far, my sentence is greater than his. Lind pleaded guilty to indecent exposure, defined as engaging in lewd or indecent behavior. He will be sentenced for the misdemeanor on May 22. The case led to Maahs proposing legislation that would make such an act a felony. She added: 'I felt that there was a hole in the law, and it needed to be plugged, and it was up to me to do it because no one else was going to do it for me.' Initially, Maahs thought the coffee smelled bad because the milk in the office (pictured) was spoiled .","John R. Lind, 34, from New Brighton, Minnesota admitted to tainting drink .
The bizarre act was part of a ploy to get co-worker Pat Maahs to notice him .
Would do it when she wasn't at her desk at Beisswenger’s hardware store .
He will be sentenced for the misdemeanor on May 22 .","A 34-year-old hardware store worker, John R. Lind, was found guilty of ejaculating in his female colleague's coffee to get noticed, leading to legislation proposing making such an act a felony."
"Aston Villa take on Liverpool in their FA Cup semi-final encounter on Sunday with the competition both sides' last chance to win any silverware this season. Sportsmail columnist Jamie Redknapp looks ahead to the Wembley showdown and where the match could be won and lost with individual player duels. CHRISTIAN BENTEKE v MARTIN SKRTEL . This will be a heavyweight contest that could decide the game. Christian Benteke is superb in the air and Martin Skrtel will have his hands full. Liverpool have to stop the supply line because defending crosses has been their Achilles heel this season. Christian Benteke (centre) scored the only goal of the game as Villa won 1-0 at Tottenham on April 11 . Liverpool defender Martin Skrtel (right) will have his hands full trying to stop Benteke on Sunday afternoon . FABIAN DELPH v JORDAN HENDERSON . This should be a good contest between two England team-mates. Fabian Delph’s new deal was a real boost for Villa - he drives that midfield, though he doesn’t get enough goals. You used to say the same about Jordan Henderson but he has improved so much. England international Fabian Delph (left) and Jordan Henderson are set for a midfield battle at Wembley . RAHEEM STERLING v RON VLAAR and NATHAN BAKER . Ron Vlaar and Nathan Baker make an imposing back line but they would rather be up against a Benteke than a Raheem Sterling, who will float around and make himself difficult to mark so he can use his lightning pace to get in behind them. Raheem Sterling's (left) pace and trickery is bound to cause the Villa defence a lot of problems . Ron Vlaar (left) was part of the Villa defence that kept a clean sheet at Spurs in the Premier League . The Holland international and Nathan Baker (right) will be hoping to do likewise against the Reds at Wembley .","Aston Villa face Liverpool in their FA Cup at Wembley on Sunday .
The winners will either face Reading or Arsenal from the other semi-final .
FA Cup final will take place at Wembley on May 30 .","Aston Villa will face Liverpool in the FA Cup semi-final on Sunday. The match could be won or lost in individual player duels, with Christian Benteke vs Martin Skrtel, Fabian Delph vs Jordan Henderson, and Raheem Sterling vs Ron Vlaar and Nathan Baker."
"Juventus and Liverpool are continuing to monitor developments with Chelsea midfielder Oscar. The Brazil international has been criticised by Jose Mourinho in recent weeks and there are question marks over his future. Chelsea want to strengthen in the summer and may need a high profile departure to help balance the books. Juventus and Liverpool are interested in signing Chelsea 23-year-old midfielder Oscar . Oscar in action during Chelsea's 1-0 Premier League victory against Queens Park Rangers last weekend . Oscar cost Chelsea £19.35m and they would want a substantial profit on the 23 year-old. Paris Saintt Germain have shown interest in the past also. Juventus want a playmaker for next season and Brazil boss Carlos Dunga advised them to buy Oscar. 'He reminds me of Roberto Baggio,' he said. 'Oscar has technique, reads situations well and is a modern and versatile trequartista. He reminds me of Roberto Baggio, but also has similarities to Massimiliano Allegri. The former Sao Paulo youngster has struggled to make an impact for Chelsea this season . Brazil coach Dunga (pictured) revealed the Chelsea midfielder reminds him of Roberto Baggio . 'Brazilians like to have fun with their football, which hasn’t happened to Oscar very much recently, but I met Jose Mourinho and he spoke highly of all his Brazilian players. 'I tell Allegri that Oscar is strong and also a good lad. A forward line with him, Carlos Tevez and Alvaro Morata would drive any Coach crazy. 'It wouldn’t be a step backwards for Oscar to go to Juventus. He’d be decisive in Serie A and whether he plays for Juventus or Chelsea it’ll always be a great club.' Oscar celebrates scoring Chelsea's fourth goal during the 5-0 victory against Swansea in January .","Chelsea could consider selling Brazilian midfielder Oscar this summer .
Both Juventus and Liverpool are keeping tracking of developments .
Oscar has struggled to maintain a first team place this season .","Chelsea midfielder Oscar is a target for Juventus and Liverpool, with both clubs interested in signing him. Chelsea wants to strengthen their squad in the summer and may need a high-profile departure to balance the books. Oscar, who cost Chelsea £19.35m, would want a substantial profit on the 23-year-old. PSG have shown interest in Oscar in the past. Juventus want a playmaker for next season and Brazil coach Dunga advised them to buy Oscar."
"She may be a First Daughter, but Sarah Obama is still a teenager and can't seem to tear herself away from her music - even for a rare family nature hike. Sasha, 14, was spotted listening to earbuds as she, sister Malia and their parents ditched the White House - and the press pool - for an impromptu trip to Great Falls Park in Virginia on Sunday. The unscheduled trip came after the White House had sent reporters home for the day, sending the presidential press pool into a temporary tumult about where President Barack Obama and the first family had gone. Scroll down for video . Tuning out of politics: Sasha Obama, 14, was spotted with white earbuds in her ears as she and the First Family hiked at Great Falls Park in Virginia during an impromptu escape from the White House . Despite the earbuds, the teenage Sasah and her older sister Malia (right) seemed to enjoy their time outdoors with their parents . Took a hike: The Obamas abruptly left the White House for an unscheduled family nature hike on Sunday . 'Obama abruptly left the White House about 15 minutes ago on unscheduled trip. Destination unknown,' tweeted Wall Street Journal reporter Byron Tau. Reporters initially seemed to fear that the unscheduled departure was some sort of emergency, but officials apparently tipped them off to the president's destination as photos from the outing were soon filed. The president greeted two eager children and took a selfie with an onlooker before starting along the woody trail. The 50-minute trek concluded as a light drizzle began. Unscheduled: Reporters initially seemed to fear that the unscheduled departure was some sort of emergency, but officials apparently tipped them off to the president's destination as photos from the outing were soon filed . Gorgeous; Great Falls Park is a National Park located in Virginia, where the rugged terrain in and along the Potomac River 'offers a glimpse into the early history of this country' The family's brief hike happened to take place during the National Park Service's National Park Week. On Saturday and Sunday, the few parks nationwide that charge admission--such as Yosemite and Yellowstone--were open to the public free of charge as part of the celebration. On Saturday, Obama spent his Saturday afternoon golfing at Joint Base Andrews. The president's busy week ahead includes hosting Crown Prince Mohammed Bin Zayed Al Nahyan of the United Arab Emirates, and honoring the Ohio State University Buckeyes football team, the 2014 NASCAR Sprint Cup Series champions and the Super Bowl Champion New England Patriots. Reporters caught up: President Obama steps out from his vehicle as his family arrives for their Great Falls hike . President Obama, First Lady Michelle Obama (not seen) and their daughters Malia (3rd L) and Sasha (C) return from a hike at Great Falls National Park in Virginia as rains began to fall Sunday evening . All wet: First lady Michelle Obama walks under an umbrella on return to the White House in Washington after light showers brought a family hike to a close .","President Obama abruptly left the White House after reporters were sent home for the day Sunday evening .
Press pool reporters were perplexed as they questioned whether something serious had happened .
The president, Michelle and their girls hiked through Great Falls Park in Virginia for around 50 minutes until a light rain sent them packing .","The Obama family, including First Daughter Sasha, took an unscheduled family hike to Great Falls Park in Virginia during National Park Week. Despite the press pool initially fearing an emergency, officials tipped them off to the president's destination. The hike was part of the National Park Service's celebration and lasted about 50 minutes. The family returned to the White House after a light drizzle."
"Everton manager Roberto Martinez has not ruled out the prospect of Antolin Alcaraz or Sylvain Distin earning new contracts but stressed they need to prove they can still be important figures in the club's future. Both centre-backs' current deals expire this summer and it seems highly unlikely Distin, who is 38 in December and has played more for the under-21s in the last month than he has the first team, will be retained. Alcaraz, 33 in July, has more of a chance of securing a short-term extension as Martinez looks to strengthen and restructure his defence in the summer. Roberto Martinez insists 37-year-old defender Sylvain Distin still has time to prove he deserves a new deal . Antolin Alcaraz, who joined Everton from Wigan where he played under Martinez, could get a new deal . While the Toffees boss is keen to advance the talents of younger players - Tyias Browning and Brendan Galloway the two most likely to benefit - he has not ruled out retaining existing senior players. 'There are only two players out of contract and we have two loan players (Aaron Lennon and Christian Atsu) and those decisions will be made when we have finished the season,' said Martinez. 'The next six games could have a massive bearing on that. Ninety minutes is a big opportunity to change people's views. 'All individuals will be judged over that period. In football it does not matter if you have a contract or not, you always need to improve and show the right attitude and show you are ready to be part of the future of the club. 'But when you get players at the end of their contract there are decisions to be made and it is not just the club, it is the player as well.' Roberto Martinez says his club's recruitment team have been searching for targets for six months . Distin has played more for Everton's youth team than the first XI in the past month, and could be on his way . Martinez said they have established a list of transfer targets for the summer and, while he would not confirm publicly, Aston Villa's on-loan Manchester United midfielder Tom Cleverley, out of contract at the end of the season, is believed to be one of them. 'The recruitment department has been working really hard over the last six months and we need to assemble a really strong squad,' Martinez said. 'First and foremost it is an opportunity for young players to show they are ready for big important roles for next campaign and everyone else providing strong competition to be important figures for the future. Tom Cleverley, who is on loan at Aston Villa, is a target, with Martinez having worked with him before . 'The dressing room is very strong as it is now, so we need to make sure whatever we do in the summer is to get us in a better place. 'We know the situation with Tom. He is a player that I know well having worked with him (in a previous loan spell at Wigan) - and that's it. 'Tom is a player that is at the moment fighting for something very important for his club and that deserves respect. 'I wouldn't expect anyone to speak about my players and I would never do that.'","Antolin Alcaraz and Sylvain Distin are out of contract in the summer .
Neither player has been a first-team regular in recent weeks .
But manager Roberto Martinez insists both can force a new deal .
Everton have identified targets for the summer, including Tom Cleverley .","Everton manager Roberto Martinez has not ruled out the prospect of Antolin Alcaraz or Sylvain Distin earning new contracts, but stressed they need to prove they can still be important figures in the club's future. Both centre-backs' current deals expire this summer, and it seems unlikely that Distin, who is 38 and has played more for the under-21s than the first team in the last month, will be retained. Alcaraz, 33, has more of a chance of securing a short-term extension as Martinez looks to strengthen and restructure his defense in the summer. Distin has"
"More than 25 women have been airlifted from Royal Navy ships because of pregnancy. One ship - HMS Ocean – even had five pregnant sailors removed in emergency 'medevacs' during the last nine years, a Freedom of Information request revealed. And at least one woman was airlifted from HMS Illustrious, which was nicknamed 'HMS Lusty' by the crew before it was decommissioned last year. More than 25 women have been airlifted from Royal Navy ships because of pregnancy, including at least one woman from HMS Illustrious (above), which was nicknamed 'HMS Lusty' by the crew before it was decommissioned last year . Eighteen other ships - including HMS Dragon, HMS Enterprise and HMS Richmond - had emergency evacuations, data obtained by The Sun showed. A Ministry of Defence spokesman confirmed there was a strict 'no touching' rule in place at sea, which suggests the women conceived before boarding the ships or during leave. The data comes nine months after commander Sarah West, the first woman to captain a Royal Navy warship, was flown back to the UK following claims she had a sexual relationship with a member of her crew. An unnamed captain was appointed in her place and a military investigation was launched into the 42-year-old's conduct. A Ministry of Defence spokesman confirmed there was a strict 'no touching' rule in place at sea, which suggests the women conceived before boarding the ships or during leave (stock image above) Navy sources said Ms West left HMS Portland for ‘personal reasons’. The Ministry of Defence would not confirm what these reasons were or what action she would face. Women have been serving on Royal Navy ships since 1990 and in 2014 around 9 per cent of personnel were female. Last May three women made history by becoming the first female submariners to serve in the Royal Navy. Nearly 100 female British soldiers were sent home from Afghanistan after finding out they were pregnant. Ninety-nine servicewomen on operations were flown back to the UK between January 2006 and December 2013, a Freedom of Information request revealed. Sixteen women were removed from Afghanistan in 2013 due to pregnancy while 18 were sent home in 2011, the data showed. A further 102 women were evacuated from Iraq. Strict military rules ban mothers-to-be from serving in war zones. The women were flown back on flights usually reserved for injured troops and the true figure could be higher if others travelled via routine flights. Troops are reminded by senior officers to check they are not pregnant before they fly to the front line - but are not made to do pregnancy tests. Most of the babies would have been conceived before the mother left the UK but a small number of women may have become pregnant on tour. A Ministry of Defence spokesman said at the time: 'The small numbers of personnel who discover that they are pregnant on operations are returned at the first convenient opportunity.'","HMS Ocean had five women removed in nine years, according to new data .
At least one sailor airlifted from HMS Illustrious, nicknamed 'HMS Lusty'
MoD spokesman confirmed there was a strict 'no touching' rule in place .","More than 25 women have been airlifted from Royal Navy ships due to pregnancy, including at least one from HMS Illustrious, which was nicknamed 'HMS Lusty' before decommissioning. Strict military rules ban mothers-to-be from serving in war zones, but the true number of pregnant women on operations could be higher."
"Jamie Carragher believes Chelsea captain John Terry is the best defender to have ever graced the Premier League. Terry, 34, has enjoyed another impressive season at Stamford Bridge and was the star performer as he led Jose Mourinho's side to a 0-0 draw against Arsenal on Sunday. The draw at the Emirates means Chelsea now need just six points from five games to claim their first Premier League title since 2010. John Terry celebrates after the Premier League match between Arsenal and Chelsea at the Emirates Stadium . Jamie Carragher believes the Chelsea captain is the best defender to have played in the Premier League . Carragher insists Terry deserves much of the credit, saying on Sky Sports: 'There’s no doubt that, just behind (Eden) Hazard in this Chelsea team, Terry has been the most influential. 'We’ve seen (Cesc) Fabregas, (Nemanja) Matic and Diego Costa feature in the early part of the season, but if you look at Terry’s display (against Arsenal) he was outstanding. 'We talk about Chelsea being a defensive team, but sometimes you’ve got to say they defend brilliantly, and Terry is the best. Carragher (left) claimed Terry has been almost as influential as Chelsea's star man Eden Hazard . 'There have been a lot of great centre-backs in Premier League history, but I think he has been the best that we’ve seen.' Blues boss Mourinho was also quick to praise his captain after Sunday's draw and even claimed it was Terry's best performance in a Chelsea shirt. Mourinho said: 'I told John Terry in the dressing room that he made fantastic performances with me in six years but for me this was the best I have seen from him. 'It was the best JT has ever played. His defensive performance was absolutely amazing.' Terry looks to get the better of Arsenal striker Olivier Giroud during the 0-0 draw in north London . Blues boss Jose Mourinho hailed Terry's performance against Arsenal as the 'best' he has seen .","John Terry helps Chelsea earn 0-0 Premier League draw against Arsenal .
Chelsea captain has been in brilliant form for Jose Mourinho this season .
Jamie Carragher believes Terry is the Premier League best centre back .
Mourinho: That was Terry best performance for Chelsea .
If there was a PFA Defender of the Year category, Terry would clean up!","Jamie Carragher, a former Liverpool defender, believes John Terry is the best defender to have played in the Premier League. Terry's impressive season, including leading Chelsea to a 0-0 draw against Arsenal, has earned him much of the credit. Chelsea boss Jose Mourinho praised Terry's performance against Arsenal as the best he has seen."
"(CNN)Five years after the Deepwater Horizon rig exploded and unleashed the largest marine oil spill in the nation's history, we are still experiencing -- yet only beginning to truly understand -- its profound environmental and economic repercussions. The immediate aftermath of the oil spill has been well documented, with declines in tourism and the seafood industry, as well as the significant destruction of wildlife in the region. Since then, the amount of oil in the area has dissipated and communities have started to show signs of recovery. In fact, reports indicate that the Gulf of Mexico's seafood industry, which supplies the United States with roughly 40% of its seafood, is finally starting to rebound. However, profound challenges remain, in part because so many questions about the long-term consequences remain unanswered. To this day, it's still unclear where all of the oil went, exactly how much remains or whether the reappearance of wildlife is a result of adaptation or a signal that the crisis is truly abating. One of the populations that can provide insight into these questions is the Gulf crab. Crabs play an important role in the region: Roughly 60 million pounds were fished in the Gulf in 2012, earning tens of millions in revenue. Yet in the aftermath of the spill, changes to crustacean communities in the area were quite apparent to the naked eye. Researchers documented substantial differences in appearance, and deformities in crabs that were affected by the spill including lesions so numerous they ate through the joints, forcing limbs to fall off. These traits have affected not only the crabs' market value but also likely their ability to survive. While these changes in outward appearance have dissipated in the short-term, the health of these crabs could still be precarious. I have been working with colleagues at Florida International University and University of Louisiana at Lafayette to better understand what might be happening biologically inside the crab when it is exposed to oil and the dispersant used to respond to the spill. Using the power of genomics and computational biology, we analyzed the genes of flat back mud crabs that were exposed to oil from the Macondo Prospect where the Deepwater Horizon rig was drilling when it exploded or to a combination of oil and dispersant in the lab. By studying gene expression, the process that turns information from a gene into a product that functions within a cell, we searched for indicators that might signal exposure to oil and, based on the types of changes we might see, clues as to how the crabs respond. Although we are still in the early stages of our research, we are seeing significant differences in gene expression connected to exposure -- meaning the crabs are turning some genes on or off in response to oil and dispersant. We are still working to determine whether these changes impact their ability to survive and reproduce. It's not just Gulf crabs that are experiencing changes. Research on different species and other aspects of the regional environment is starting to show that there could be long-term effects resulting from the oil spill and the response to the spill. This not only has consequences for the Gulf area, where oil drilling continues, but also for communities along the Atlantic Coast, where the Obama administration has recently announced a plan to open unprecedented oil and natural gas exploration. (BP's vice president of communications, Geoff Morrell, told CNN that wildlife species in the Gulf have ""bounced back and ""there is no data that suggests there are any long-term population-level impacts to any species."") With the virtual certainty of more spills, we need a lot more information on the consequences of these disasters and how we can combat them effectively and efficiently. The U.S. Department of the Interior and the Environmental Protection Agency are making some progress. In coming months, they are releasing changes to regulations and response plans based on the early lessons learned from the Deepwater Horizon spill. But government agencies cannot just rely on the short-term data to determine the best response for the next oil spill crisis. Instead, the government and oil companies should work together to support ongoing, long-term ecological research so that we have a better grasp of what ""normal"" looks like and what factors are important in maintaining those conditions even after a disastrous oil spill. Only then will we truly understand the impact of offshore drilling and the best ways to respond to crises to protect our most important natural resources.","Keith Crandall: Five years after the Deepwater Horizon rig exploded, we are only beginning to understand its effects on the Gulf .
A crab species may be a key indicator of the impact, he says .","Five years after the Deepwater Horizon oil spill, the Gulf of Mexico's seafood industry is finally rebounding, but the long-term consequences of the disaster remain unclear. Crabs are providing insight into the effects of the spill, with changes in gene expression indicating potential long-term impacts on survival and reproduction. The U.S. government is making progress in response plans, but long-term ecological research is needed to fully understand the consequences of offshore drilling and effective response strategies."
"A 10-year-old boy who beat a younger child to death in Canada went to his friends claiming that he had witnessed a 'big guy' strike the victim with a rock. Lee Allan Bonneau, 6, died from blunt force trauma to the head in August 2013 following a savage attack on a reservation in Saskatchewan. A 10-year-old boy, identified in court documents as L.T., reportedly admitted to killing Lee Bonneau and crushing his head after initially blaming a stranger for the slaying. Slain: Lee Allan Bonneau was 6 years old when in August 2013 he was attacked by a 10-year-old boy and beaten to death with a rock and a stick . Brief life: Lee was pronounced dead from severe head injuries four hours after he went missing in Saskatchewan, Canada, while in the care of his foster mother . Tribute: A collage created by Lee's biological family celebrating his short, troubled life . On Thursday, a coroner's jury in Regina heard how the underage suspect ran to his friends after the attack on Bonneau telling them he had witnessed a murder, reported National Post. The troubled 10-year-old was described as appearing scared but also excited, telling his friends how a 'big guy' had struck Lee with a stick three times, pushed him down an embankment and then bashed him with a rock. L.T. then changed his story, according to Thursday's hearing, saying the he was the one who killed the 6-year-old. He then pleaded with his pals, 'Don't tell on me,' because he was afraid of being jailed. During an interview with investigators a day after Lee Bonneau's slaying August 21, 2013, L.T. reverted back to his original version of events, telling Royal Canadian Mounted Police that a 'big person' committed the crime. The 10-year-old named the purported killer and told law enforcement officials that he even walked up to the man and asked him what he was doing. 'I'm just killing a little boy,' L.T. quoted the man as saying. Police later questioned the person identified by L.T. and cleared him of any wrongdoing. On the evening of August 21, 2013, Lee Bonneau accompanied his foster mother, Mary Ramstead, to a bingo game at the Kahkewistahaw First Nation hall. At around 8pm, Lee stepped outside the bingo venue to buy snacks and never returned. He was last seen playing with some dogs and walking in the company of an older boy, later identified as 10-year-old L.T. More than two hours after his disappearance, Lee was found critically injured in a remote field more than half a mile from the bingo hall. A coroner's inquest has heard how a 10-year-old boy named L.T. attacked the younger child, pictured here as an infant on the evening of August 21, 2013 on a reservation . Family troubles: Lee was removed from the home of his biological mother, Stacey Merk (pictured) just two and a half months before his murder . Lee is pictured here with his birth father, Dave Bonneau. Child servers reportedly refused to release the 6-year-old into his parent's care . The 6-year-old was rushed to a hospital, where he was pronounced dead from his injuries at around midnight. Forensic pathologist Dr Shaun Ladhman determined that Lee died from blunt force trauma to the left side of the head after suffering multiple skull fractures. In his testimony at the coroner's inquest Thursday, Ladhman compared the boy's injuries to those seen in high-speed car collisions or a three-story fall. Bonneau also had bite marks on his body. Because of his young age, 10-year-old L.T. has not been charged with Lee Bonneau's murder. Global News reported that Saskatchewan’s children’s advocate determined the underage killer had severe behavioral issues and likely required constant supervision. RCMP Cpl. Donna Zawislak testified court that when officers came to the child's house and said that Lee Bonneau has died, the 10-year-old did not react. The following day, L.T. sat down for a forensic interview, saying he had been a witness to the killing, not the perpetrator. When asked about the blood stains on his clothes and shoes, the 10-year-old blamed it on a nosebleed. The child had a history of troubling behavior, including a break-in where he killed a pregnant dog and her puppies, which had been cut out of the animal's body. Lee had been removed from the home of his biological mother, Stacey Merk, just two and a half months before his death citing concerns related to his verbal skills and behavioral problems. Violent end: A pathologist testified that 6-year-old Lee suffered injuries often observed in high-speed car collisions. He had multiple skull fractures and bite marks on his body . Lies: The troubled 10-year-old was described as appearing scared but also, telling his friends after the killing how a 'big guy' had struck Lee . Unpunished: L.T. will not face any charges in connection to Lee Bonneau's death because of his young age . During the coroner’s inquest, Ms Merk testified that a social worker became alarmed when she confided in her that she has been struggling with depression and had suicidal thoughts. On August 1, child services placed Lee with Mary Ramstead's family on a temporary basis. Three weeks later, the 6-year-old was murdered while in the care of his foster mother. L.T. will not face any charges in connection to Lee Bonneau's death because of his young age. The goal of the coroner's inquest is to determine the circumstances of the murder and make recommendations to prevent similar tragedies going forward.","Lee Allan Bonneau, 6, was attacked by a 10-year-old boy and beaten to death with a rock and a stick in August 2013 in Saskatchewan, Canada .
The killer, identified only as L.T., has not been charged because of his young age .
He told friends after the slaying he had witnessed a 'big guy' murder a boy .
L.T. later admitted he was the killer and pleaded, 'Don't tell on me'
The child had a history of violence, including one incident when he killed a pregnant dog and her puppies .
Lee Bonneau had been removed from his birth mother's care two and a half months before the killing and placed with foster family .","A 10-year-old boy named L.T. killed a 6-year-old boy named Lee in Saskatchewan, Canada, in August 2013. L.T. initially claimed he had witnessed the murder but later admitted to killing Lee. L.T. was described as appearing scared but also excited, and he told his friends that a ""big guy"" had struck Lee with a rock. L.T. later changed his story and pleaded with his friends not to tell on him. L.T. was not charged in connection to Lee's death because of his young age. The coroner's inquest is investigating the circumstances of the"
"He was, as one ECB board member put it, just too accident-prone for a role that has seen him flounder in the face of the bitter fallout from an Ashes whitewash. Paul Downton was brave enough to make huge decisions in his first 14 months as England’s managing director but the jury is still out on all of them at a time as the clamour for change has grown louder. It was Downton who made the big call to sack Kevin Pietersen and reappoint Peter Moores as England coach. Paul Downton has left his role as managing director of England and Wales Cricket Board . The move came a day ahead of an ECB board meeting that was meant to discuss the future of Downton . OCTOBER 2013 . Downton, a former England wicketkeeper, is appointed managing sirector of England and Wales Cricket Board, with his position taking effect from February 1, 2014. FEBRUARY 2014 . After the Ashes whitewash, Kevin Pietersen and head coach Andy Flower are sacked. After days of silence, the official line on Pietersen’s dismissal is that the ECB wanted to ‘create a culture’ in which captain Alastair Cook had ‘the full support of all players’. MARCH 2014 . England suffer a humiliating 45-run defeat to Holland in the World T20. Ravi Bopara top-scored for England with just 18. APRIL 2014 . Downton appoints Peter Moores, who had spent the previous four seasons as head coach at Lancashire, for a second spell as England head coach. MAY 2014 . Downton and the ECB issue an apology to Pietersen for claiming he appeared ‘disinterested’ and ‘distracted’ during the fifth Ashes Test in Sydney. JUNE 2014 . England lose a Test series at home to Sri Lanka. The south Asian side had previously won on English soil in 1998 — in a one-off Test match. JULY-AUG 2014 . England lose the second Test against India, but come back to win the home series 3-1. In the fifth Test, England inflict upon India their third heaviest defeat in history. DECEMBER 2014 . Cook is sacked as one-day captain and replaced by Eoin Morgan, marking the end of a sorry year for England in which they won just 18 of their 48 matches across all formats. FEBRUARY-MARCH 2015 . England endure a dreadful World Cup campaign, failing to advance from the group stage and finishing behind Bangladesh, who sealed their exit with a 15-run victory. APRIL 2015 . Downton departs as ECB managing director. The ECB are to create a new role of ‘director of England Cricket’ ahead of the Ashes series. He also had to back the decision to replace Alastair Cook as one-day captain on the brink of the World Cup even though it was the selectors who drove it. But, most of all, it is England’s humiliating World Cup that led the 14 members of the ECB management board to unanimously back the sacking of Downton when new chief executive Tom Harrison rang them on Wednesday morning. So acute was the embarrassment at England going out in the first round of the World Cup that any hopes Downton had for an extended stay in office proved impossible. To the new regime he had to go. ‘Hugh Morris (his predecessor) stayed in the background but Paul became far too high-profile,’ one board member told Sportsmail on Wednesday night. ‘He was always on the outfield before games. The bottom line is that he was just too accident prone.’ Downton is the most high-profile casualty so far of that new broom sweeping through English cricket, led by Harrison and chairman-elect Colin Graves but he will not be the last, unless England are successful in their busiest of all years. James Whitaker, the national selector, is the most vulnerable, not least because a change of job description for Downton’s successor to director of England cricket looks likely to make the new man an all-round supremo. Moores and captain Alastair Cook now need to beat the West Indies in the three-Test series starting in Antigua on Monday if they are to feel secure. They must then carry on winning when they face New Zealand, Australia, Pakistan and South Africa over the next 10 months in Test cricket alone. Whether this makes a difference to Pietersen’s future remains to be seen. Clearly the removal of the man who sacked him and an ECB chairman Giles Clarke who was firmly against Pietersen must increase the odds on one of the most unlikely comebacks in sport history happening this summer. Much may depend on who replaces Downton because there is still no real appetite within the ECB, and certainly not among senior members of the England team, for Pietersen to return. His best chance may be if Michael Vaughan is appointed by a man he is known to be close to in Graves. The former England captain  said on Wednesday that he would like to talk to the ECB about the role. Vaughan was the England captain who brought the best from Pietersen, admittedly when he was young and far less likely to cause trouble, and has made no secret of his encouragement for his return. Yet Vaughan, a constant critic of Downton and Moores, has a myriad of interests, both cricketing and otherwise, that he presumably must shelve if he is to return to the ECB now. A more likely scenario is for another former England captain in Andrew Strauss to take up a role that would appear made for him. There were many at the ECB who wanted Strauss to succeed Morris, not least the Welshman himself, but he ruled it out at the time, saying it was too soon after the end of his playing career. Since then he has dabbled in commentary with Sky but may now think the time is right for what seems a natural progression to administration. Downton's job description has been abolished as a result following England's dismal World Cup showing . Downton leaves his role as ECB managing director following England's shameful performance at World Cup . Former England captain Michael Vaughan  said on Wednesday he would like to talk to the ECB about the role . Kevin Pietersen (left) could return for England while Andrew Strauss (right) is another that could take the role . Pietersen was uncharacteristically coy when asked on Twitter for his thoughts on Downton’s departure . Alec Stewart is another candidate who, presumably, would have a more open mind about recalling Pietersen as he has just re-signed him for Surrey. He is the third man on the most likely three-man short-list. The best brains in English cricket are undoubtedly Hussain and Atherton so Harrison and Graves should be doing all they possibly can to encourage one of them to return to the national cause. Hussain has already refused and it is extremely unlikely Atherton would be tempted either. Downton has become a derided character but he does not deserve to be the figure of ridicule he has become as frustration has grown at the national team. He was a respected wicketkeeper-batsman with England who had to play much of his Test cricket against the West Indies at their peak and was widely admired for his bravery and gutsy character. His return to cricket after a career in the City came at a time when Morris assured him that everything was in place for a bright future. England’s catastrophic collapse in Australia changed everything. The decision to ditch Pietersen was, as far as I am concerned, absolutely right while Moores may yet prove to be the coach Downton and others believe him to be. But a fall-guy was needed for the World Cup and Downton was the obvious candidate. It remains to be seen how many follow. Downton (left) and Peter Moores (right) pose following a press conference at Lord's Cricket Ground . Moores (from left to right), Downton and England captain Alastair Cook during the press conference . Downton speaks with Sir Ian Botham  at Lord's Cricket Ground on May 31, 2014 . Meanwhile, here in Basseterre, Jonny Bairstow picked a bad day to remind England that he is a player of real potential despite being jettisoned after the winter’s Ashes disaster. England’s decision to turn their second warm-up game into a practice session saw Bairstow, Jonathan Trott, Gary Ballance and Joe Root bat for an extremely weak St Kitts Invitational XI against their own team. Trott fell third ball to Jimmy Anderson, fending a ball outside off stump to third slip, while Ballance still looked out of touch in being dismissed for 17. Yet Bairstow, the back-up keeper on this tour, made the most of his chance to score 98 before falling to the impressive Ben Stokes. There was an early worry when Stuart Broad slipped in his delivery stride and fell clutching his ankle. He went off for treatment but later returned to bowl and looked no worse for the accident. Root was also struck flush on the helmet fielding at short leg but came out later to bat for St Kitts. England will bat for the whole of Thursday before leaving for Monday’s first Test in Antigua. Alastair Cook . Downton was a supporter of Cook as Test captain but was persuaded to sack him as one-day captain three weeks before the disastrous World Cup campaign. The new ‘Director of England cricket’ might think Cook needs to go back to scoring runs at the top of the order after failing to convince as a tactician . Verdict: Vulnerable . Alastair Cook was suppoerted by Downton before being sacked as one-day captain before the World Cup . James Whitaker . The chairman of selectors and former Leicestershire captain has been involved in one of the grimmest periods in English cricket. Selections have been difficult to fathom at times and a series of well-publicised clangers have alienated the selector from players, spectators and media . Verdict: Sure to follow Downton out the door . England selector James Whitaker (left) and former managing director Downton during a nets session . Peter Moores . An atrocious World Cup heaped even more pressure on the coach, whose reappointment last year by Downton has been mitigated only by last summer’s Test series win against India. Described as ‘the outstanding coach of his generation’ by Downton, Moores’ position is now as weak as it has been. Verdict: Vulnerable . Peter Moores’ position is now as weak as it has been following Downton's dismissal at the ECB . Kevin Pietersen . It is almost inconceivable that barely six months after publishing one of the most vitriolic books in the history of sport, this high-maintenance player could be on the brink of a return. But Downton’s removal, and Giles Clarke’s departure, means the path is now clear for Pietersen if he scores runs for Surrey. Verdict: Return possible . Kevin Pietersen's path is now clear to return if he scores runs for Surrey and he tweeted just as much .","Paul Downton was swept aside as managing director on Wednesday .
Downton lost his job following a woeful 2015 World Cup performance .
The 58-year-old's job description has been abolished as a result .","Paul Downton, the managing director of England and Wales Cricket Board, was sacked after England's disappointing World Cup campaign, which included a humiliating defeat in the World T20 and a series of poor performances in domestic cricket. The ECB management board unanimously backed the decision to remove Downton, and the new chief executive, Tom Harrison, is expected to create a new role for the England cricket director. Downton's high-profile position and his role in the Ashes whitewash were cited as reasons for his dismissal."
"Detectives probing the suspected murder of a landlady who disappeared 17 years ago have dug up the patio of her pub. Deborah Steel, 37, who ran the Royal Standard pub in Ely, Cambridgeshire, was last seen alive just after 1am on 28 December 1997. Police believe she was killed and recently reclassified the investigation as a murder inquiry, but the 37-year-old's body has never been found. The search has the full consent of the present landlord who is not connected with the investigation. Deborah Steel, 37, who ran the Royal Standard pub in Ely, Cambridgeshire, was last seen alive just after 1am on 28 December 1997 . Detectives probing the suspected murder of the landlady have dug up the patio of her pub - the Royal Standard (pictured) A 73-year-old man is on bail until 29 April and two others, aged 70 and 50, have since had theirs cancelled. Officers carried out a preliminary search of the area outside the pub earlier this year. A team revisited the pub earlier today and dug up the patio but said they found no clues. Last September officers carried out another unsuccessful dig at a house in the town where Deborah once lived. Police believe the 37-year-old was killed and recently reclassified the investigation as a murder inquiry . The search has the full consent of the present landlord who is not connected with the investigation . The same month Deborah's sister Gini Secker, 47, from Nottingham said the unsolved case was a 'heavy burden' for her family. She said: 'I find it so very sad that our father went to his grave without knowing the truth of Debbie's whereabouts. 'It has been a heavy burden to carry all these years and all we wish for is the answers so we can lay Debbie to rest at last.' A spokesman for Cambridgeshire Police today said: 'The search is being undertaken with the full consent of the present landlord, who is not connected with the investigation.' Anyone with any information should call 01480 425880 or Crimestoppers, anonymously, on 0800 555111. Sorry we are not currently accepting comments on this article.","Landlady Deborah Steel, 37, was last seen alive on 28 December 1997 .
Police have dug up the patio of the Royal Standard pub where she worked .
A 73-year-old man is on bail and two others have  had theirs cancelled .
Detectives believe she was murdered, but body has never been found .","Detectives are searching for the body of Deborah Steel, a landlady who disappeared 17 years ago, in the patio of her pub. Steel was last seen alive just after 1am on 28 December 1997 and was reclassified as a murder inquiry. The search has the full consent of the present landlord who is not connected with the investigation."
"The old adage that an elephant never forgets appears to be true, based on a touching video showing an Asian elephant returning to her mother after years apart. After a 62-mile (100km) trek through the Thai jungle, Me-Bai, the small elephant can be seen nuzzling her mother, Mae Yui, while the pair joyfully flap their ears and caress each other with their trunks  in the Elephant Nature Park sanctuary, in the north of the country. Me-Bai was sold to provide rides for tourists in Thailand when she was three-and-a-half years old, and didn't see her mother, who also worked in the trade, for three years. Scroll down for video . It would appear to be true that an elephant never forgets, based on a touching video showing an Asian elephant returning to her mother after years apart (pictured) It is particularly sad because females tend to stick together in herds until they die, sharing incredibly strong bonds. They are very rarely separated before the calf is five years of age. The small elephant left the tourism trade 'because she [Me-Bai] was too young [and] began to lose weight and could not carry the tourists any longer,' according to Elephant News' YouTube page. Me-Bai was recently rescued and brought to the sanctuary after a tiring 62 mile (100km) trek in the hot sun that lasted four days. The small elephant was sold to provide rides for tourists in Thailand when she was three-and-a-half years old, and didn't see her mother, who also worked in the trade, for three years. They are pictured here togeher . Asian elephants remember old friends and have large social networks of friends, a 2011 study found. Researchers claimed that just like humans, some elephants are social butterflies, while other prefer to stick to a close-knit group of friends. Past studies suggested elephants usually live in small groups centred around females and their young while adult males live independently. However, the study found that though males do live apart, females and their young actually have the sort of complex network of friends, relatives and acquaintances normally seen in humans. Study author Dr Shermin de Silva from the University of Pennsylvania said: 'Elephants are able to track one another over large distances by calling to each other and using their sense of smell. 'So the 'herd' of elephants one sees at any given time is often only a fragment of a much larger social group. 'Our work shows that they are able recognise their friends and renew these bonds even after being apart for a long time.' 'Me-Bai was nervous and wary of people when she first arrived at the sanctuary, but she quickly learned that her new caretakers had no intention of abusing her in any way,' the sanctuary writes. She was initially wary of humans but quickly adjusted to her new surroundings, National Geographic reported. Workers learned that Me-Bai's mother was working in the tourist industry nearby and its owners agreed to retire Mae Yui so she could join her young at the sanctuary. The emotional moment the pair were reunited was captured on camera. It shows the elephants caressing each other with their trunks and flapping their ears – seemingly in joy - after spending an uncertain half an hour together where the keepers thought they may be worried about being separated again. A previous study conducted at the park by Mahidol University in Thailand and Emory University in the US, found that elephants comfort each other when they are stressed by chirping softly and stroking each other's heads and genitals. These actions can be seen in the video. Psychologist and elephant behaviour expert, Preston Foerder, of the University of Tennessee, said the elephants are communicating with touch, as well as sound and sight, because their trunks are so sensitive. The duo can be seen walking and eating together happily, later in the video. After a 62-mile (100km) trek through the Thai jungle, Me-Bai, the small calf can be seen nuzzling her mother, Mae Yui, and joyfully flapping her ears in the Elephant Nature Park sanctuary in the north of the country . However, animal behaviour expert Frans de Waal of Emory University, said that it's possible the elephants don't remember each other, but are just a compatible pair. 'There is no doubt about elephant feelings and bonding, but we humans like to read the mother-child relation into this,' he said. 'It is possible the two remember each other but the video itself does not necessarily prove this.' Whatever the case, the sanctuary says: 'Now, Mae Yui's owners and Elephant Nature Park are working together to rehabilitate Mae Yui and Me-Bai so that they can return to the wild and live free.' Me-Bai was recently rescued and brought to the sanctuary after an exhausting 62 mile (100km) trek in the hot sun that lasted four days. Here the pair walk towards each other at the sanctuary . Workers learned that Me-Bai's mother was working in the tourist industry nearby and its owners agreed to retire Mae Yui so she could join her young at the sanctuary .","Small elephant Me-Bai is seen nuzzling her mother upon reunion .
She was sold to provide rides for tourists in Thailand when she was three .
Mother and daughter were reunited at the Elephant Nature Park sanctuary .
They caress each other with their sensitive trunks, 'chirp' and cuddle .","A touching video shows an Asian elephant named Me-Bai returning to her mother after years apart. Me-Bai was sold to provide rides for tourists in Thailand when she was three-and-a-half years old, and didn't see her mother, who also worked in the trade, for three years. The pair reunited at the Elephant Nature Park sanctuary, where they nuzzled each other and flapped their ears in joy. The video suggests that elephants have strong social bonds and can remember each other, but it's unclear whether they actually do."
"Military officials in Kazakhstan have introduced a Miss Army competition in the hope of encouraging more recruits. The Kazakhstani Ministry of Defence has chosen 123 of its prettiest female soldiers and posted their photos online where viewers can vote for their favourites. The pictures show the women  in three set poses – in military uniform,  with weapons and  in civilian clothing – and they have already been viewed more than 30,000 times. Frontline femme fatale: Abildaeva Aigul Isahanovna is among 123 of Kazakhstan's 'prettiest soldiers' who have been put forward by the military for its Miss Army competition in the hope of encouraging more recruits . In the (fashion) line of fire: The Kazakhstani Ministry of Defence has posted their photos online – including this one of Uzbehanova Marjane Abilovna – so viewers can vote for their favourites . Deskbound diva: The pictures show the women in three set poses – in military uniform, with weapons and in civilian clothing – and they have already been viewed more than 30,000 times by voters . Prone to male advances: A military spokesman said the competition was also open to voters not only from Kazakhstan but also neighbouring countries Krygystan, Azerbaijan and Russia . A spokesman for the MoD said: 'Voting began this week and the competition is open until the 10th of May. 'We've been flooded with views and the clear favourite at the moment is Sergeant Aigerim Karakuchukova who is in the lead with over 1,100 votes. 'There is still a long way to go though and anyone could win.' The spokesman revealed that the competition was also open to voters not only from Kazakhstan but also neighbouring countries Krygystan, Azerbaijan and Russia. Don't miss out: Voting began this week and the Miss Army competition will be open until May 10 . Favourite: Sergeant Aigerim Karakuchukova is the front-runner so far with more than 1,100 votes . Military models: Soldiers Meyramova Sulushash Adilhanova (left) and Dzhanabaeva Zarina Sabitzhanovna (right) also feature in the competition. Voter Nicephorus Bocharov said there were 'certainly some fine looking women in there' but he wasn't convinced it would make him sign up and fight . Aiguilles Vitaly is seen here in her competition photograph. A military spokesman said the winner will receive a cash prize and  the knowledge of knowing she is the most beautiful woman soldier in Kazakhstan . Faces of the frontline: One voter, Emil Efremov, 32, believes the competition would also do much to improve the image of Kazakhstan after it was lampooned by Sacha Baron Cohen's comedy persona Borat . Voter Nicephorus Bocharov, 34, said: 'There are certainly some fine looking women in there, although I'm not sure it would make me want to sign up and fight.' Another fan, Emil Efremov, 32, believes the competition would also do much to improve the image of Kazakhstan after it was lampooned by Sacha Baron Cohen's comedy persona Borat. He said: 'I think this is a very good idea. 'After the world was introduced to Borat, people have the impression that everyone here lives on a farm and sleeps with donkeys. PR offensive: Military chiefs hope the competition will attract hundreds of young men to join up . Emil Efremov, 32, said of the competition: 'I think this is a very good idea. After the world was introduced to Borat, people have the impression that everyone here lives on a farm and sleeps with donkeys' Soldiers Amanzholova Madina Amanzholovna (left) and Lunara Baimukhametova (right) 'These photos show that Kazakh women are as beautiful as any others. I have voted for all of them.' The MoD spokesman said: 'The winner will receive a cash prize and have the knowledge of knowing she is the most beautiful woman soldier in Kazakhstan. 'And hopefully, she'll have the pleasure of knowing she attracted hundreds of young men to join up.' Emil Efremov said: 'These photos show Kazakh women are as beautiful as any others. I voted for them all' An MoD spokesman said: 'The winner will receive a cash prize and have the knowledge of knowing she is the most beautiful woman soldier in Kazakhstan'","Military posts photos online so viewers can vote for Miss Army competition .
Voter: 'Kazakh women are as beautiful as any others. I voted for all of them'
Another said it would also improve country's image worldwide after Borat .","Kazakhstan has introduced a Miss Army competition to encourage more recruits. The competition features 123 prettiest female soldiers, with their photos posted online for viewers to vote. The competition is open to voters from Kazakhstan and neighboring countries. The winner will receive a cash prize and knowledge of being the most beautiful woman soldier in the country."
"A seven-year-old British boy has fallen 160ft to his death from a cliff in the Alps after becoming separated from his family on a skiing holiday. Carwyn Scott-Howell got lost on the slopes and left the piste before walking through a treacherously steep wooded area, according to a source. The Welsh schoolboy, who was formally named by police today, was holidaying in the French resort of Flaine with his mother Ceri, elder brother Gerwyn, 19, and nine-year-old sister Antonia when the accident took place. A seven-year-old British boy has died after getting separated from his parents on a family skiing holiday in the French resort of Flaine near Geneva (pictured above). He fell down a 160ft cliff after trying to find his parents . Police are still trying to piece together the tragic sequence of events, but they believe the little boy was killed instantly in the fall on Friday after leaving the marked ski slope to look for his family. Investigators are unsure how he came to be at the top of the steep 320ft-high cliff, which overshadows the Lac de Flaine. One theory is that he wandered away from a blue run to try to find his family, while there has also been speculation that he may have fallen off one of the ski resort's lifts. His frantic family began searching for him at around 4pm. They scoured the piste and, increasingly worried, alerted the piste patrol who launched a search. At around 6pm search and rescue workers discovered his tracks in the snow leading through woodland up to the top of the cliff, where they found his abandoned skis. He was then spotted by rescuers in a helicopter, and they recovered his body at around 7.30pm from the bottom of the cliff. The area was described as a 'dangerous, out-of-bounds area' by emergency services, who said rescuers had to be winched down from a helicopter to retrieve the body. The conditions in the French ski resort of Flaine (pictured) were clear and sunny but it is believed the boy ventured off-piste while trying to find his parents. Police found tracks in the snow which led to his body . Michel Ollagnon, an officer with the Bonneville mountain rescue service, told reporters that the boy had been skiing with his mother, brother and sister, but he had asked to ski alone for his last descent of the day. He said the boy had then fallen off a rocky outcrop after apparently losing his way. Police chief Patrick Poirot, the head of the mountain rescue division in Annecy, added: 'His family were on the piste and then they could not see him. 'They looked for him but couldn't see him anywhere on the piste. They went to the piste patrol and said: 'Our child has disappeared' and a search was started. 'At about 6pm some tracks were discovered in the snow. It was in a very dangerous, out-of-bounds area. The tracks led to the little boy's skis. 'They were there in the snow at the top of a cliff. It was very dangerous. The piste patrol could not go down the cliff. So they called a helicopter but it could not land. They spotted the boy and rescuers were then winched down but the child was dead. It was now about 7.30pm.' He added: 'Hypothetically we think that the little boy didn't know where to go and skied in the wrong direction. He's just seven years old. 'He left the marked ski slope and probably skied to the top of a cliff. He then stopped, removed his skis, walked a little way and then fell. 'He fell 50 metres. Specialists are now at the scene to try and determine exactly what happened and understand every element that led to this tragedy.' Resort boss Sylvain Philippe, director of the Societe du Domaine Skiable de Flaine, said: 'The whole resort has been affected by the death of this young boy. We are thinking above all of his family. 'An enquiry into his death has started to find out the exact circumstances of what happened. Unfortunately and sadly they confirmed that his body was found off piste in an area of the resort called Aujon. 'He was very far from the piste, it's not a skiable area. He was unfortunately found in the middle of the cliffs, everyone has been very affected by it. 'We're working with the police and the family on this and we will be helping the family for as long as they need.' Carwyn's mother Ceri lives with her husband Rhys in the Brecon Beacons where the pair run the award-winning Coity Bach Farm near Talybont-on-Usk. The farm rents out its 'four-star gold award' self-catering cottages to visitors and is well known for its prize-winning speciality sausages. David Cameron was once pictured buying scotch eggs from the couple's stand at an agricultural show in Wales in July 2014. On the Coity Bach website it tells how ex-nurse Ceri and former butcher Rhys bought the farm to live out their dream of growing their own food and living 'the good life'. Last night, relatives at the farm were too upset to speak, but a neighbour told of the village's shock. 'It's extremely sad – they are a loving family and he was a smashing lad,' said one neighbour, who did not want to be named. They went on to say: 'I haven't even broken the news to my own children yet, it's just too shocking.' Another added: 'Ceri is a great mum and they're well-loved in the village. We will all rally round her when they return from France.' An assistant from Ski Set, a shop in the resort where the family had hired some of their equipment, said: 'They loved skiing. They said that they had been to lots of ski resorts before. 'They were a very nice family. The little boy seemed just happy to be on holiday. They had been on holiday for a week. He was good enough for a seven-year-old. He wasn't a beginner.'","Seven-year-old boy has died on family skiing holiday in Flaine, French Alps .
Police believe Carwyn Scott-Howell fell to his death after leaving ski slope .
It is understood he was looking for his parents when he took a wrong turn .
Got lost on piste and fell down cliff after taking off skis to try and find them .","A seven-year-old British boy named Carwyn Scott-Howell died after falling 160 feet to his death from a cliff in the Alps during a skiing holiday with his family. The accident occurred on a marked ski slope, and the boy wandered off to try to find his parents. The family began searching for him at around 4 pm, and a search and rescue team discovered his tracks in the snow leading to the top of the cliff. The boy was then spotted by rescuers in a helicopter and recovered from the bottom of the cliff. The conditions in the French ski resort were clear and sunny, but the area was described"
"Manny Pacquiao says he has to fight Floyd Mayweather like it is the last of his life when he touches gloves with the undefeated American in the $300m bout on May 2. The Filipino has been installed as the underdog for the mega-fight in Las Vegas, which has been billed as the biggest sporting event in history with two of the best pound-for-pound fighters of all time facing off. And to come out on top Pacquiao says he must be a 'warrior in the ring', bringing a never-say-die attitude to each round at the MGM Grand. Manny Pacquiao says he will have to be a warrior against Floyd Mayweather but is convinced he will win . Pacquiao works out at a park in Los Angeles, California ahead of his $300m mega-fight on May 2 . The WBC title belt that will be presented to either Pacquiao or Mayweather at the MGM Grand in Las Vegas . 'I have to be a warrior in the ring,' Pacquiao said, as quoted by Boxing Scene. '(I have to) fight like it is the last fight of my life.' 'I need to fight every round like each one is the last round of my life.' Pacquiao also promised fans, who have been waiting for the Mayweather showdown for half a decade, that it will be 'worth the wait' and spoke about his confidence going into the fight. He added: 'If the opportunity to knock Floyd out presents itself, I will take advantage of it . 'I know what it will take to beat Floyd, I will leave no doubt that I won on May 2. None. 'That is the Manny Pacquiao (that) Floyd will face on May 2. It is time for Floyd to lose.' Mayweather takes a plunge in the Cryosauna which is cooled to as low as -175 (-115C) Pacquiao says it is time for the undefeated Mayweather to lose and he will be the man to inflict defeat .","Manny Pacquiao takes on Floyd Mayweather in $300m mega-fight on May 2 .
Filipino boxer says he will fight like it is the last of his life in Las Vegas .
Pacquiao has no doubt he will be the first to beat Mayweather .
Insists he will be a warrior in fight and will look to win each round .
Floyd Mayweather vs Manny Pacquiao: WBC unveil $1m emerald green belt .
Floyd Mayweather 'is a control freak', slams PacMan's promoter Bob Arum .","Manny Pacquiao, the undefeated Filipino boxer, is set to face Floyd Mayweather in a $300 million mega-fight in Las Vegas on May 2. Pacquiao says he must fight Mayweather like it is the last of his life, bringing a warrior's attitude to each round. Mayweather, who has been undefeated for half a decade, will be cooled in the Cryosauna to -175 (-115C) before the fight. Pacquiao is confident he will win and believes the fight will be worth the wait for fans."
"The LAPD for searching for the person who tagged a police horse with graffiti this week - but the answer may be in the so-called 'art'. The horse, Charly, was patrolling Venice Beach with his minders on Tuesday when the vandalism incident occurred. It was broad daylight, and somehow the person managed to spray Charlie without the handlers seeing - a move that taggers pride themselves on, but usually with stationary objects and facades. 'I think it's unfortunate, but people love to tag things in Venice, so really, I guess a horse is just the next step,' local Mark Stegall told CBS LA. Vandalized: Charly was patrolling Venice Beach with with his minders Tuesday when the cruel tagger managed to write 'RBS' and an arrow on the horse's flank with silver spray paint . 'It's cruel and it's not respectful,' another local, Robert Kendall, said. 'It's bad for the animals and it's just people who want to mess with the status quo and I think it's pretty awful.' However, tags are cryptic signatures, and authorities are hoping they will be able to track down the person responsible using the tag, which was 'RBS'. A witness who saw the officer taking a picture of Charly after the incident posted their image to Instagram. All clean: The paint came off relatively easily, but police are still trying to find the person responsible . 'RBS': The key to finding the tagger likely lies in deciphering the tag, RBS, and working out who it belongs to . A witness who saw the officer taking a picture of Charly after the incident posted their image to Instagram . The paint was cleaned off Charly later on Tuesday night without a problem. However the LAPD has requested the public's help in identifying the person responsible. Anyone with information was asked to contact detectives at 310-482-6313. Anyone wishing to remain anonymous can call Crime Stoppers at 1-800-222-TIPS (800-222-8477).","Charly was patrolling Venice Beach with his minders Tuesday .
Somehow a tagger managed to write 'RBS' and an arrow on his flank .
The silver paint was easily cleaned off .
But police want to find the person responsible and have appealed for help .","The LAPD is searching for the person responsible for tagging a police horse with graffiti, but the answer may be in the cryptic tag 'RBS'. Authorities are hoping to identify the person responsible using the tag, which was left on the horse's flank with silver spray paint. The paint came off relatively easily, but the LAPD is still trying to find the person responsible. Anyone with information is asked to contact detectives at 310-482-6313 or Crime Stoppers at 1-800-222-TIPS."
"The secret drawings and letters belonged to the co-pilot of Enola Gay bomber which dropped the bomb and reveal Captain Robert Lewis's immense guilt following the mission. He wrote a letter following the bombing in which he recounts: 'My God, what have we done? How many did we kill? 'I am certain the entire crew felt this experience was more than anyone human had ever thought possible. 'If I live a hundred years I'll never quite get those few minutes out of my mind.' Scroll down for video . Historic: A previously unseen hand-drawn flightplan of the mission to drop an atom bomb on Hiroshima is now for sale . Bomber: The remarkable documents which include the flightplan, an eyewitness account of the bombing and log books were compiled by the co-pilot of the Enola Gay bomber which carried out the mission . Destruction: An estimated 150,000 people died when the US bombed Hiroshima, obliterating as much as 70 per cent of the city (pictured in 1945) Pilot: The incredible lot is being put to auction by the son of Captain Robert Lewis (pictured) who was on the Enola Gay that fateful day . The collection also includes a hand-drawn diagram, the pilot of the plane that bombed Hiroshima was told to arrive at 30,000ft, drop the payload two miles short of the city, then veer away sharply at 28,500ft. The previously unseen documents used to plan the dropping of the world's first atomic bomb on Japan on August 6, 1945, in a bid to end the Second World War have emerged for sale 70 years on. They are among a £300,000 archive compiled by Captain Robert Lewis, co-pilot of the Enola Gay B29 bomber, which also includes his flight logs and report of the bombing raid. One plan, drawn in pencil and coloured inks on a single sheet of blue graph paper, shows how the Enola Gay would approach Hiroshima, drop the atom bomb – nicknamed Little Boy – and then turn 150 degrees to the right to return. The plan also shows the air burst at under half a mile up over the city and the subsequent shockwaves that the explosion would create. A second plan, titled 'survival manoeuvres', expands on the initial diagram to show the flight paths of support planes The Great Artiste and Necessary Evil. The diagram concludes with a handwritten note: 'Caution – stay at least 2/3 miles away from the atomic cloud at all times.' Auctioneer Bonhams expects the drawings to fetch £26,000 in two lots when they go under the hammer as part of Captain Lewis's archive of material in New York on April 29. The collection, being sold by his son Stephen, also includes a copy of Lewis's unofficial eye-witness account of the Hiroshima mission, which he disguised as a letter to his parents, which alone could sell for £40,000. Also for sale are Lewis's two log books from the war noting flightplans, duration, type of plane, engines, and horsepower with a column for remarks. They are tipped to fetch £130,000. Rare: Lewis's unofficial eye-witness account of the Hiroshima mission, which he disguised as a letter to his parents, which alone could sell for £40,000 . War: Three days after the bombing of Hiroshima (pictured in 1945), the US inflicted similar devastation on the industrial city of Nagasaki . Eyewitness: Also for sale are Lewis's two log books from the war noting flightplans, duration, type of plane, engines, and horsepower with a column for remarks . Expensive: Manuscript flight logs belonging to Lewis, co-pilot of Enola Gay. are expected to sell for £100,000 to £130,000 . An estimated 150,000 people died when the US bombed Hiroshima, obliterating as much as 70 per cent of the city. Three days later the US inflicted similar devastation on the industrial city of Nagasaki. The two missions brought about the Japanese surrender. Unlike Enola Gay commander Captain Paul Tibbets and navigator Theodore Van Kirk, Captain Lewis, who died in 1983, chose not to cash in on his fame in the post-war years. Only one item belonging to him has been sold before – his log from the return from Hiroshima in which he wrote: 'My God, what have we done?'","The hand-drawn flightplan for bombing mission on Hiroshima is now for sale .
Unseen documents were kept by co-pilot of plane that dropped atom bomb .
Captain Robert Lewis was in the Enola Gay B29 bomber on August 6, 1945 .
Remarkable drawings put to auction by his son expected to fetch £300,000 .","A previously unseen collection of documents, including flight plans, eyewitness accounts, and log books, detailing the mission to drop the world's first atomic bomb on Hiroshima, has emerged for sale 70 years after the event. The documents, compiled by Captain Robert Lewis, co-pilot of the Enola Gay bomber, are expected to fetch £26,000 in two lots when they go under the hammer. The collection also includes Lewis's unofficial eye-witness account of the Hiroshima mission, which he disguised as a letter to his parents, and two log books from the war, which are tipped to fetch £13"
"The warmth of a sun has long been thought to be a key ingredient to life. But astronomers say 'rogue', sun-less planets that wander the stars  could still harbour extra-terrestrials. While it sounds like science fiction, these planets may offer scientists a new avenue in their search for alien life. The warmth of a sun has long been thought to be a key ingredient to life. But astronomers say 'rogue', sun-less planets that wander the stars could still harbour extra-terrestrials . This is according to Sean Raymond, an astrophysicist with the Laboratoire d'Astrophysique de Bordeaux in France, who has taken a look at how life can form on rogue planets. Writing in Aeon, he says: 'To have any chance of life – at least life like our own – a free-floating Earth would need liquid water.' A planet needs to keep warm for liquid water to form, and without the sun, this heat would have to come from its interior. 'A layer of ice on a planet's surface can act as a strong insulator, locking in a planet's heat,' claims Raymond. Globulettes - regions of dust and gas that can form planets - could make rogue more common than first thought. Rogue planets are of particular interest to astronomers because they represent objects that have likely failed to form into a star . PSO J318.5-22 was detected 80 light years away from Earth and it is estimated to have a mass six times that of Jupiter . Several years ago, an international team of astronomers discovered a large planet floating freely through space with no star to orbit. Planets traditionally travel in a uniform, singular direction, around a star. However, the free-floating planet, named PSO J318.5-22, was found without a host. Its movement isn't structured, and scientists do not understand how it formed and they are baffled by what - if anything - controls it. PSO J318.5-22 was detected 80 light years away from Earth and it is estimated to have a mass six times that of Jupiter. Astronomers believe it formed 12 million years ago, and is considered a newborn in planetary terms - Earth is thought to be around 4.5 billion years old. Dr Michael Liu of the Institute for Astronomy at the University of Hawaii identified the rogue planet from its 'faint and unique heat signature'. We have never before seen an object free-floating in space that that looks like this. 'It has all the characteristics of young planets found around other stars, but it is drifting out there all alone,' explained Liu. 'If the ice layer is thick enough, then a planet can maintain an ocean of liquid water beneath the ice.' He calculates that the ice layer needs to be at least 10 km (6 miles) thick to prevent it from freezing for billions of years. Raymonds comments echo a similar conclusion reached by scientists in Chicago several years ago. They calculated that life can cling on to a planet for billions of years without a star to provide a direct source of warmth. Research by astrophysicists Dorian Abbot and Eric Switzer from the city's university discovered that heat would come from the breakdown of radioactive elements inside the planet's core. The scientists named their discovery a 'Steppenwolf' planet because they claimed any life found there would 'exist like a lone wolf wandering the galactic steppe'. However the pair refused to speculate on what life forms would be discovered, but agreed that they would me microscopic in size. As well as internal heat, Raymond says another way a planet can keep warm is using a thick atmosphere. 'A free-floating Earth with a thick hydrogen atmosphere could keep its surface temperature above the freezing point of water,' writes Raymond. 'The planet could have lakes and oceans (and possibly life) on its surface.' Rogue planets are hard to find because, without orbiting a star, they reflect very little light. But 50 have now been found in the past 15 years, leading some to suggest they may be abundant in the universe. Rogue planets are of particular interest to astronomers because they represent objects that have likely failed to form into a star. Brown dwarfs, for example, are substellar objects that are not massive enough to sustain fusion, but are still more than 13 times the mass of Jupiter. The exact boundary between a giant planet and a low-mass brown dwarf is still being debated, but finding more rogue planets could shed light on this mystery. And this could indicate that there are more rogue planets than we know of in the cosmos.","Comments were made by Sean Raymond, an astrophysicist in France .
He says internal heat of rogue planets could allow liquid water to form .
Writing in Aeon, he also says a thick atmosphere may help life develop .
Astronomers have found 50 of these rogue planets in the past 15 years .","Astronomers have discovered rogue planets that are sun-less and wander the stars, suggesting they could still harbor extra-terrestrials. These planets may offer scientists a new avenue in their search for alien life. Rogue planets are of particular interest to astronomers because they represent objects that have likely failed to form into a star."
"This is the terrifying moment a woman drives the wrong way down a highway and plows into oncoming traffic in an apparent suicide attempt. Jack Rivera, a New York trucker, captured the collision on his dashcam as he drove along the Interstate 35E in Texas last Wednesday. Footage shows the driver of a black SUV, identified as 49-year-old Laura Michelle Mayeaux, coming off at the 397 exit and veering over to the wrong side of the lane. She then steers head-on into a truck which rolls over on its side with debris flying everywhere. As the back end of the 18-wheeler swings out, it pushes a red pickup truck off course. Thick black skid marks can be seen on the tarmac as smoke fills the air. Rivera told waxahachietx.com that once things came to a standstill he got out of his vehicle to see if he could offer any assistance to the parties involved before authorities arrived. The incident, which occurred just past 6pm, shut the highway for around two hours. Mayeaux, from Waco, Texas, was transported to Baylor University Medical Center in Dallas because of the injuries she sustained during the wreck. Caught on camera: This is the terrifying moment an intoxicated motorist drives the wrong way on a highway and plows into oncoming traffic in an apparent suicide attempt . Slow down: Jack Rivera, a New York trucker, captured the collision on his dashcam as he drove along the Interstate 35E in Texas last Wednesday . Off course: Footage shows a black SUV coming off at 397 exit and veering over to the wrong side of the lane . Lt. Ron Turbeville, with the Waxahachie police department, said that she was found 'inebriated' and  'smelling of alcohol' by medics who pulled her from her crushed Chevrolet Suburban. He added: 'Basically, based off that from the attending paramedics and firefighters, there was enough evidence there to suggest that she was drinking. 'That is the reason why we got a warrant for her blood.' After undergoing treatment, Mayeaux apparently admitted to police that she was trying to take her own life. She was released from hospital last Friday. In a puff of smoke: Thick black skid marks can be seen on the tarmac as smoke fills the air . Suicide attempt: Police said the driver in the Chevrolet Suburban SUV, identified as 49-year-old Laura Michelle Mayeaux, later admitted she was trying to take her own life . The incident, which took place just past 6pm, shut down the highway for at least two hours . Paramedics also treated two occupants in the pickup truck and the semi-truck at the scene. It is not known if Mayeaux will face charges and the event remains under investigation. Riveria, who caught the near-fatal crash on his camera, said he remains shaken up by what he saw. He concluded: 'Honestly, I am still a little disturbed by it. 'I have been watching the video quite a bit, wondering why anyone would do something like that.' • For confidential help, call the National Suicide Prevention Lifeline at 1-800-273-8255 or click here www.suicidepreventionlifeline.org . • For confidential support on suicide matters in the UK, call the Samaritans on 08457 90 90 90, visit a local Samaritans branch or click here www.samaritans.org .","Jack Rivera, a New York trucker, captured the collision on his dashcam as he drove along the Interstate 35E in Texas last Wednesday .
Police said the driver in the SUV, identified as Laura Michelle Mayeaux, may have been intoxicated and trying to take her own life .
She was transported to Baylor University Medical Center in Dallas because of the injuries she sustained during the wreck .
Her last known condition was reported as critical .
It is not known if Mayeaux will face charges and the event remains under investigation .","A woman, identified as Laura Michelle Mayeaux, drove the wrong way down a highway and crashed into oncoming traffic, resulting in injuries and a shutdown of the highway for two hours. Mayeaux was later found to have been intoxicated and admitted to attempting suicide. The incident was captured on dashcam footage by Jack Rivera, a New York trucker."
"Baby Malakai has been alive for seven months and he's never left the hospital. The newborn cannot see, cannot hear and struggles to breath. Doctors say he may not ever be able to walk. Having been diagnosed with a rare medical condition known as Pallister Killian Syndrome (PKS), his mother had to give up her job in Perth in order to provide full-time care for her son. Without an income, Stacy Maitai has been forced to survive on welfare funding of $90 a week to support her baby and her seven-year-old daughter. And the 28-year-old is not eligible for further financial assistance from Centrelink as she is not an Australian citizen. Scroll down for video . Baby Malakai (pictured) has been alive for seven months and he's never left the walls of the hospital . Mother Stacy Maitai had to give up her job in Perth in order to care for her son full-time . The newborn cannot see, cannot hear and struggles to breath. Doctors say he may not be able to walk . About 15 to 20 cases of PKS are known to be in Australia, according to the Pallister Killian Syndrome Foundation of Australia . PKS is a rare chromosomal disorder which affects about 200 people worldwide and 15 those cases are known to be in Australia, according to the Pallister Killian Syndrome Foundation of Australia. It is commonly undiagnosed during pregnancy and is discovered at birth or soon after due to characteristic appearance or other complications such as developmental delays, seizures and congenital heart defects. Ms Maitai has told of the heartbreaking moment she learnt about her son's condition. 'I wanted to commit suicide because I thought it was all my fault,' she told Daily Mail Australia. 'But then I found myself having to choose whether to escape all this and give up my son or be strong for my children by moving forward and staying with them every step of the way. 'It's been a difficult journey so far but also a blessing because I have found hope in Malakai and I know he will make it through.' The condition is often undiagnosed during pregnancy and is identified at birth or soon after due to characteristic appearance or other complication . Ms Maitai said she was heartbroken when she learnt about her son's condition . A fundraising page was set up to help the struggling family on mycause , so far raising more than $18,000 . While Ms Maitai juggles her time between the hospital with Malakai (left) and at home her seven-year-old daughter Serenity (right) The single mother says she is trying her best to keep food on the table but was given an eviction notice after being $4000 behind in her rent for her three-bedroom home, which costs $380 . While Ms Maitai juggles her time between the hospital with Malakai and at home with her seven-year-old daughter Serenity, the financial strain of being without a job and dependent on $90 from welfare is taking its toll. The single mother says she is trying her best to keep food on the table but was given an eviction notice after being $4000 behind in her rent for her three-bedroom home, which costs $380 each week. A fundraising page on mycause was set up to help the struggling family, which at the time of publication raised more than $18,000. 'Our power was cut off and I thought we were going to be thrown onto the street,' Ms Maitai said. 'Luckily we've been able to use some of that fundraising money to take it straight to the real estate agent who was understanding enough to let us stay even though we had been behind in rent. 'You know, I came to Australia for a better life and I love it here. It's changed my life. I worked since moving here about four years ago and paid all my taxes. 'I was shocked when Centrelink told me I couldn't get any more assistance because I'm a Kiwi. 'With what I currently get every fortnight, it's hard to afford even just the basic things.' Not having grown up with a proper mother and father figure back in New Zealand, Ms Maitai is determined to give her children the life she never hard. 'I want to be a better parent and I want to be there for my kids,' she said. 'It's just a waiting game with Malakai and the doctors even asked me if I wanted to look after him even with his condition and I said yes. I chose to be there for him and he will make it through - I just know it.' Pallister Killian Syndrome, also known as PKS, is a rare chromosomal disorder. According to the PKS Foundation of Australia, about 200 to 300 cases of PKS have been reported worldwide. About 15 to 20 are known to be in Australia. 'Most of these cases have been diagnosed in the last five years with an increasing diagnosis rate,' the foundation states. The condition is commonly undiagnosed during pregnancy and is more commonly discovered at birth or soon after due to characteristic appearance or other complications. Symptoms include: global developmental delay, mild to profound intellectual impairment, seizures, marked hypotonia (floppiness), hearing and/or vision impairment, difficulty in feeding and oesophageal reflux, congenital heart defects, apnoea, prominent high forehead, coarse facial features as child gets older, broad nasal bridge, streaks or patches of lighter or darker skin, sparse hair or bald patches, high arched or cleft palate, shorter arms and legs, disproportionate to the body and extra nipples.","Baby boy Malakai suffers rare medical condition Pallister Killian Syndrome .
Malakai cannot see, cannot hear, struggles to breath and may never walk .
Stacy Maitai gave up everything to take care of her seven-month-old son .
Mother-of-two has been forced to survive on $90 a week from Centrelink .
Cannot receive further financial assistance as she is not Australian citizen .
The single mother moved from New Zealand to Perth about four years ago .
A fundraising page has been set up to help the struggling family .","A newborn baby Malakai, diagnosed with Pallister Killian Syndrome (PKS), has been living in the hospital for seven months. His mother, Stacy Maitai, had to give up her job to provide full-time care for her son. She is not eligible for further financial assistance from Centrelink as she is not an Australian citizen. The fundraising page on mycause has raised more than $18,000 to help the struggling family. The financial strain of being without a job and dependent on welfare is taking its toll on the family. The condition is often undiagnosed during pregnancy and is identified at birth"
"A Hollywood-inspired experiment to help dementia patients by waking them up with video recordings from loved ones is taking place in New York. The hope is that the videos shown to residents of a care home in the city will ease their confusion, forgetfulness and agitation. The idea is borrowed from the 2004 Adam Sandler film 50 First Dates, in which Drew Barrymore's character suffers a brain injury and memory loss each day. A suitor, played by Sandler, uses videos to remind her of him. Charlotte Dell, director of social services at Hebrew Home in Riverdale, said the film was 'fluff', but added it inspired her to think about how the idea could help residents. The film 50 First Dates starring Adam Sandler and Drew Barrymore has inspired a new dementia experiment taking place at a care home in Riverdale, New York . 'We're looking to see if we can set a positive tone for the day,' without using drugs, she said. 'What better way to start the day than to see the face and hear the voice of someone you love wishing you a wonderful morning?' As in the film, each day a new video is shown to residents. Relatives are encouraged to take part to say good morning, use memory-triggering personal anecdotes and remind their loved ones that care home staff will be helping them get dressed and ready for the day. People suffering Alzheimer's disease and other forms of dementia often fell confused and anxious in the morning. The programme is designed to help those who are in the early to moderate stages of dementia, those who are still likely to recognise the people in the video and understand what they are saying. Ms Dell said: 'Do we know for sure that they know, this is my daughter, this is my son? No. 'But they recognise them as somebody they care about and love.' The Hebrew Home is planning to evaluate the programme next month, with the aim of expanding it to several hundred residents in its memory-care 'neighbourhoods'. Ms Dell said anecdotal evidence so far from staff at the home is 'very positive'. Robert Abrams, a geriatric psychiatrist at New York Presbyterian Hospital said the pilot is 'both innovative and thoughtful'. 'You've got a group of people with dementia who don't really grasp the nature and purpose of their surroundings or the circumstances that compelled them to be there,' he said. 'Consequently they're alone and at sea and feel frightened and even abandoned by family.' Resident Louisa Irving, 94, is one of several dementia sufferers at Hebrew Care Home, who is woken up each morning with a video recording from a loved one to help ease confusion and agitation . Her daughter Tamara Rusoff-Hoen, pictured in the striped top, records messages including stories of happy memories and family get-togethers, signing off with the family goodbye, 'Kiss, kiss, I love you' Among the residents taking part in the study is 94-year-old dementia sufferer, Louisa Irving. She wakes up each day to a video from her daughter Tamara Rusoff-Hoen, who sings: 'Good morning, merry sunshine, how did you wake so soon?' to her mother. The five-minute video includes stories of happy memories and get-togethers, and often inspires a bright smile from Ms Irving, before her daughter signs off with the family goodbye: 'Kiss, kiss, I love you.' Ms Rusoff-Hoen, said: 'Some of her agitation comes from, ""Who the heck are these people? Why am I here?"".' Although Ms Rusoff-Hoen, who lives a few hours away in Ghent, visits her mother three days a week, she said the video allows her to fill in the gaps. 'I am there with my mum, loving her and wishing her a wonderful day and helping her to feel better because there's not a lot I can do for her.' Other videos include a woman reminding her mother, in Spainish, to eat and take her medications before telling her: 'I love you, mum.' And in another, a man encourages his mother, telling her: 'You used to tell me that attitude is everything. You said that it's best to start off on the sunny side of the street.'","Residents at Hebrew Care Home in New York are woken by video recordings from loved ones to help ease their confusion and agitation .
Idea was inspired by the 2004 film 50 First Dates starring Adam Sandler .
Experiment will be evaluated next month but results are 'very positive'","A dementia experiment in New York is using video recordings from loved ones to wake up residents and ease their confusion and forgetfulness. The experiment is inspired by the 2004 film 50 First Dates and is being evaluated next month to expand to several hundred residents. The program aims to help those in the early to moderate stages of dementia, who are still likely to recognize the people in the videos and understand what they are saying."
"An Arizona man who suffers from an extreme case of a tumor disorder in which his body is covered in noncancerous lumps said he finally has a feeling of belonging. Bob Heslip, 50, suffers from Neurofibromatosis type 1, or NF-1, which is caused by a gene malfunction that causes the bubble-like bumps to appear all over his body. However, he says he feels comfortable in his skin for the first time in his life now that he has joined the Venice Beach Freakshow  where he has met performers including a bearded lady and America's smallest couple. 'When I met the performers, there was a feeling of belonging. I felt at home,' Heslip told The Huffington Post. Scroll down for video . Bob Heslip (pictured), 50, who suffers from Neurofibromatosis type 1, or NF-1, has joined the Venice Beach Freakshow and said for the first time in his life he feels comfortable in his skin . The noncancerous lumps began appearing on his body around puberty and became more severe as he aged . Heslip, who works at a Dollar Tree in Tuscon, said around eight months ago he was on vacation with his family in Los Angeles when they saw the Freakshow, as his daughter is a fan of the TV show. Todd Ray, the owner, saw Heslip and recognized his condition as NF-1 and began talking to him. 'I went to the front, took off my shirt and the crowd went crazy,' Heslip told the Huffington Post. He accepted Ray's offer to join the show as the 'Bubble Boy' a few weeks ago and said it gives him the platform to talk about his condition to people who otherwise just stare. For Heslip, the tumors on his body began appearing around puberty but became more severe as he aged. He noted that when he got married 25 years ago he did not have any bumps on his face, but now he does. 'I don't feel a lot of pain from the bumps,' Heslip told The Huffington Post. 'I have a large bump on the side of my body that used to be very sensitive, but not so much now.' To have the tumors surgically removed is not an option for him as he said it is not guaranteed that they will not grow back or possibly grow back larger than before. Heslip said: 'When I met the performers, there was a feeling of belonging. I felt at home' Staying in hiding from the public is also not an option as he has a family including his wife and children to support. Ray said that some people will see Heslip's hands and will not want him to touch their items while he is working because they think he is contagious. As Heslip manages his job in Tuscon and his new role as a performer, he feels comfortable in his skin for the first time in his life because of the Venice Beach Freakshow. The job which he works on the weekends is also making it possible for him to talk to others about NF-1. 'I want to teach people that it's not taboo to ask questions. I'm OK talking about it,' he told the Huffington Post. 'My son and oldest daughter also have this condition and my speaking out about it gets them excited. They know my attitude is positive.' Heslip joins performers including Asia Ray, Morgue, Jessa the Bearded Lady, Larry the Wolf Boy and Miss Sunshine as part of the Venice Beach Freakshow (pictured above) Neurofibromatosis type 1 (NF-1) is one of the most common inherited neurological disorders affecting around one in every 3,000 people. NF-1 ranges from mild to severe and can cause more symptoms in some people than in others. The condition primarily affects the skin, the nervous system and the eyes, and most people with NF-1 have recognizable signs before the age of 10. The most common symptoms include six or more light brown skin spots (café au lait spots), freckles in unusual places, such as under the arms and in the groin, colored bumps on the iris (Lisch nodules) and Neurofibromas. Regardless if the NF-1 gene change was inherited from a parent or is newly affected, every person who has an NF-1 gene change has a 50 per cent chance of passing it on every time they have a child. Genetic testing for the NF-1 gene is available and can be coordinated for families in which testing would be appropriate. Source: Johns Hopkins Medicine .","Bob Heslip, 50, suffers from Neurofibromatosis type 1 (NF-1)
Condition causes noncancerous lumps to appear all over his body .
He accepted offer to perform at freakshow on weekends as 'Bubble Boy'
Other performers include bearded lady and America's smallest couple .
He said: 'When I met the performers, there was a feeling of belonging'","Bob Heslip, a man with Neurofibromatosis type 1, or NF-1, has finally found a sense of belonging after joining the Venice Beach Freakshow. The noncancerous lumps on his body, which began appearing around puberty and became more severe as he aged, have given him the platform to talk about his condition to people who otherwise just stare. Heslip, who works at a Dollar Tree in Tuscon, said around eight months ago he was on vacation with his family in Los Angeles when they saw the Freakshow, as his daughter is a fan of the TV show. The job which"
"A 13-year-old boy allegedly stole a $25,000 stack of cash from his own grandfather and handed out wads of notes to his school friends. The unnamed child from Medina, Ohio, gave out $100 notes in the classroom before going to a friend's house after school, where he also showered adults with cash, police said. The group of friends then reportedly went on a shopping spree after the mass giveaway, which began last Wednesday at the town's Claggett Middle School. Payday: The unnamed 13-year-old showered classmates with $100 notes at Claggett Middle School in Medina, Ohio . Medina police told the Akron Beacon Journal that the boy, who lives with his 83-year-old grandpa and his mom, swiped the money from the senior's bedside table. Cops began to crack down on the cash bonanza after teachers at the boy's school blew the whistle on the scheme, by which time the majority of the cash was gone. Officers said that, as well as the children themselves, some was spent by 'adults, guardians or associates of the children who received the money', according to the Medina Gazette. Dollar: The children, and adults who were also given money, went on a spending spree. Some $7,000 has been recovered . As of Saturday, police had recovered some $7,000 of the man's savings, as well as some of the items the boy and his friends had bought with it. Police said that prosecutors will file charges once they have determined exactly who was involved. T.J. Hellickson, the school's principal, would only say that the school is co-operating with law enforcement.","Unnamed child from Medina, Ohio, allegedly swiped cash from bedside table .
Police say he handed out $100 notes at school, then at a friend's house .
Also gave money to children's parents, who took them on spending spree .
After authorities found out, some $7,000 of the stash has been recovered .
Prosecutors say charges will soon be filed in the case .","A 13-year-old boy from Medina, Ohio, allegedly stole $25,000 from his grandfather and classmates, showering them with $100 notes at Claggett Middle School before spending the money on a shopping spree. The stolen cash was recovered, and prosecutors will file charges once the identity of the perpetrators is determined."
"The title race appears to be over, but what about the fight to stay in the Premier League? No one is dead and buried and even Sunderland in 15th are a bad weekend away from falling into the relegation zone. It’s extremely close with the delightful benefit that there will be five key fixtures between sides in the bottom six. Have Hull got enough breathing room to survive what looks like the hardest run-in? Are Leicester too far back? Burnley have been dealt a reasonable hand but can they capitalise? Have QPR improved enough away from home to take any confidence to Leicester on the final day? Sportsmail considers the possibilities and delivers a verdict. Sunderland . Position: 15th on 29 points . Jermain Defoe (centre) reinvigorated Sunderland with a stunning strike to beat rivals Newcastle 1-0 . Dick Advocaat is overseeing Sunderland's survival bid as manager until the end of the season . Seven points split Sunderland in 15th and Leicester in 20th as the battle for Premier League survival heats up . Predicted results: Five points from seven games . Crystal Palace (H) -D . Stoke (A) - D . Southampton (H) - L . Everton (A) - L . Leicester (H) - W . Arsenal (A) - L . Chelsea (A) L . Predicted total: 34 points . Verdict: Safe . Their derby win will have done them the world of good, as will the relative comfort of facing three teams in Palace, Stoke and Everton who have very little to play for. They need to make the most of those initial fixtures because it’s highly unlikely that they will get anything out of closing trips to Arsenal and Chelsea. Aston Villa . Position: 16th on 29 points . Christian Benteke scored a hat-trick as Aston Villa drew 3-3 against Queens Park Rangers on Tuesday . Tim Sherwood has helped Villa rediscover their scoring touch since replacing Paul Lambert as manager . Predicted results: Seven points from six games . Tottenham (A) - L . Manchester City (A) - L . Everton (H) - D . West Ham (H) - W . Southampton (A) - L . Burnley (H) - W . Predicted total: 36 points . Verdict: Safe . At this stage of the season and in these circumstances you want winnable home games and that is what Villa have. However, with only three home wins this season (one less than on the road) they face a challenge. They ought to be OK, not least because a team that struggled to score under Paul Lambert has improved under Tim Sherwood. Hull . Position: 17th on 28 points . Steve Bruce's Hull  are placed perilously above the drop zone in 17th with seven games remaining . Ahmed Elmohamady will be a key man in Hull's bid to protect their position outside of the relegation zone . Predicted results: Five points from seven games . Southampton (A) - L . Liverpool (H) - D . Crystal Palace (A) - D . Arsenal (H) - L . Burnley (H) - W . Tottenham (A) - L . Manchester United (H) - L . Predicted total: 33 points . Verdict: Safe. On goal difference. The hardest run-in of the lot? It looks that way and therefore they could cut it awfully fine with regards to survival. There are two points between them and QPR at the moment, but Hull could have a potentially decisive advantage in the form of their goal difference, which is six better than QPR’s. Their fixtures are simply awful. Crystal Palace are isolated on that list as a team without major incentive. QPR . Position: 18th on 26 points . Charlie Austin has netted 17 goals in 29 games for QPR and will be vital during his team's difficult run-in . Chris Ramsey may find QPR's goal difference a big disadvantage, particularly with a tough final seven games . Predicted results: Seven points from six games . Chelsea (H) - L . West Ham (H) - W . Liverpool (A) - L . Man City (A) - L . Newcastle (H) - W . Leicester (A) - D . Predicted total: 33 points . Verdict: Relegated on goal difference . Three brutally hard fixtures with perhaps a mixed blessing that Liverpool and Manchester City – games you would expect them to lose anywhere – are played away. That places huge emphasis on home games against West Ham and Newcastle, neither of whom are in form nor have much to play for. It could all come down to the final game of the season, which is away at Leicester. Chris Ramsey has improved their away form but it is a big ask. Their poor goal difference in relation to Hull’s could be the deciding factor. Burnley . Position: 19th on 26 points . Danny Ings will spearhead Burnley's attack as they attempt to escape the Premier League relegation zone . Sean Dyche's side have two relegation crunch matches away from home against Hull and Villa . Predicted results: Six points from seven games . Arsenal (H) – L . Everton (A) - D . Leicester (H) – W . West Ham (A) - D . Hull (A) - L . Stoke (H) - D . Aston Villa (A) - L . Predicted total: 32 points . Verdict: Relegated . On paper they probably have the most straightforward opponents, but have the misfortune of playing two of their most critical fixtures – against Hull and Villa – away from Turf Moor. They have won only once away all season so it would be extremely ambitious to expect them to make hay now, considering four of those seven fixtures are on the road. Would expect their status to be decided by the final two games. Leicester . Position: 20th on 22 points . Esteban Cambiasso celebrates after an impressive display helped Leicester beat West Ham 2-1 on Saturday . Nigel Pearson (left) has eight games remaining to get Leicester safe and has five home games to play . Predicted results: Four points from eight games . West Brom (A) - L . Swansea (H) - D . Burnley (A) - L . Chelsea (H) - L . Newcastle (H) - D . Southampton (H) - D . Sunderland (A) - L . QPR (H) - D . Predicted total: 26 points . Verdict: Relegated . As with Burnley, it’s not the most intimidating run-in and they do have the most games from which to gain points. They also have the slight advantage of five fixtures at home. But 22 points from 30 games so far offers little indication that they will mount any kind of sprint for the line.","Six teams are embroiled in a close battle to avoid the Premier League drop .
Seven points split 20th placed Leicester with Sunderland in 15th .
Aston Villa play Burnley on the last day  as QPR host Leicester .","The title race is over, but the fight to stay in the Premier League is still fierce. Sunderland is in 15th place with 29 points, while Leicester is in 20th with 7 points. Hull is in 17th with 28 points, and Burnley is in 19th with 26 points. Leicester is in 20th with 22 points. Sunderland has a good chance of staying in the league, but Hull and Burnley have a tough run-in. Burnley has a good chance of staying in the league, but Hull and Burnley have a"
"Bastia president Pierre-Marie Geronimi has called for French League (LFP) president Frederic Thiriez to step down after he did not come down to the pitch to shake the players' hands ahead of Saturday's League Cup final. 'If you want to be president of a League with 41 clubs instead of 42, you must go,' Geronimi told RMC radio on Sunday. 'What happened last night [Saturday] is unacceptable. Sporting [Bastia] demands that he goes.' French League president Frederic Thiriez (right) has been asked to resign by Bastia president Pierre-Marie Geronimi . The Bastia players look dejected after their League Cup final defeat to Paris Saint Germain on Saturday . Thiago Silva (centre) holds the trophy aloft after PSG beat Bastia 4-0 in the Stade de France in Paris . Sweden international Zlatan Ibrahimovic scored twice and opened the scoring from the spot in the first half . Bastia lost 4-0 to Paris St Germain, who claimed their fifth League Cup trophy with doubles by Zlatan Ibrahimovic and Edinson Cavani. In 2012, Thiriez did not hand Bastia their Ligue 2 champions' trophy. Edinson Cavani was also among the scoring, and netted a brace for his side in their convincing victory .","French League president Frederic Thiriez did not shake players hands ahead of the League Cup final .
Bastia lost 4-0 to PSG thanks to Zlatan Ibrahimovic and Edinson Cavani .
In 2012, Thiriez did not hand Bastia their Ligue 2 champions' trophy .
Saturday's win led the Parisian club to lift their fifth League Cup trophy .","Bastia president Pierre-Marie Geronimi called for French League president Frederic Thiriez to step down after Thiriez did not come down to the pitch to shake the players' hands ahead of Saturday's League Cup final. Geronimi accused Thiriez of being unacceptable and demanded that he resign. Thiriez was asked to resign by Bastia president Pierre-Marie Geronimi. The Bastia players looked dejected after their League Cup final defeat to Paris Saint Germain, with Thiago Silva holding the trophy aloft. Ibrahimovic scored twice and opened the scoring from the spot in the first half. Bast"
"It is a decade to the day  that Myuran Sukumaran and Andrew Chan's lives were changed forever after being arrested  for the Bali Nine drug smuggling operation. Friday is also Sukumaran's 34th birthday which could well be his last as the pair contemplate the prospect of facing a firing squad on Execution Island in Java. The talented artist's birthday is being marked in London where his cousin has organised an exhibition of his paintings at the Amnesty International headquarters. Meanwhile, the pair are in an isolated cell pinning their hopes on yet another legal quest for mercy which rests with a court that has previously recommended an option of a life sentence for reformed inmates. Myuran Sukumaran has put all of his energy into his art while spending 10 years in Kerobokan jail . His cousin Niranjela Karunatilake is currently holding an exhibition of his artwork in London . Sukumaran (left) and Andrew Chan (right) await their fate on Execution Island in Java - exactly a decade after they were arrested . The pair were identified as leaders of the plot to smuggle 8.3kg of heroin, taped to the bodies of young mules, on April 17, 2005, and sentenced to death. Since they were refused clemency earlier this year, their lawyers have been desperate to show the courts their rehabilitation over the past decade. Chan is now a pastor and Sukumaran a painter, and both had a hugely positive impact on fellow inmates at Kerobokan jail. Sukumaran's skill and love for his art grew as he was mentored by well-known Australian artist Ben Quilty - who has also led the charge in the mercy campaign to save the pair's lives. Painting has proven a great sense of solace for Sukumaran during his time in jail and has even run art classes for fellow inmates as part of the drug rehabilitation program that he set up with Chan. His cousin, Niranjela Karunatilake, last visited her cousin on death row in February. Niranjela said it was: ' just too sad to think that could be his last birthday'. 'The death penalty is never the answer and I don't believe it deters crime, but in Myu's case, when he has done so much to repent and improve prison conditions, it would be a real tragedy if his life was cut short,' she said. 'We are not asking for Myu to be freed, all we ask is for mercy, that he keeps his life and continues his positive impact on the Indonesian prison system and other inmates.' Friday is also Sukumaran's 34th birthday which could well be his last as the pair contemplate the prospect of facing a firing squad on Execution Island in Java . Karunatilake said his skill has developed over the past four years and she can see him finding himself in his paintings . His cousin Niranjela said it was: ' just too sad to think that could be his last birthday' Sukumaran's skill and love for his art grew as he was mentored by well-known Australian artist Ben Quilty - who has also led the charge in the mercy campaign to save the pair's lives . Their Melbourne barrister Julian McMahon visited the men last week, and says they are well. As he waits for the constitutional court to respond to a new bid to challenge the clemency process, Mr McMahon recalls the court's 2007 recommendation on the death penalty. While it upheld its constitutional validity, the court recommended that death row prisoners who showed rehabilitation after 10 years had the option of being re-sentenced to a fixed term. 'There's absolutely no doubt my two clients have done a heroic job in reforming themselves and many others,' Mr McMahon said. 'I see that as an opportunity to enliven the constitutional court jurisprudence.' President Joko Widodo refused clemency to the men citing a 'drugs emergency' but has the authority to reverse the decision. No date has been fixed for the executions of the Sydney men and eight other drug offenders, but officials say they're considering a date after the Asian African Conference ends on April 24. 'We are not asking for Myu to be freed, all we ask is for mercy, that he keeps his life and continues his positive impact on the Indonesian prison system and other inmates,' Niranjela said . Sukumaran taught inmates how to paint as part of the drug rehabilitation program he set up with Chan . Niranjela said her cousin has done so much to repent and improve prison conditions, it would be a real tragedy if his life was cut short' “It’s clear painting has been a vital comfort for him on death row,' Niranjela said . 'I hope people will come to see the exhibition next week, and think of Myu and let Indonesia know that there are people all over the world calling for mercy': she said .","It's a decade to the day that Bali Nine pair were arrested for drug smuggling .
Friday also marks 34th birthday of Sukumaran who will spend behind bars .
His cousin has organised exhibition of his paintings in London .
Sukumaran and Chan's fate rests with a court that  that has previously recommended an option of a life sentence for reformed inmates .","Myuran Sukumaran and Andrew Chan, who were arrested for the Bali Nine drug smuggling operation, are set to face execution on Execution Island in Java. Sukumaran's cousin, Niranjela Karunatilake, is organizing an exhibition of his artwork in London to mark Sukumaran's 34th birthday. Sukumaran has spent 10 years in Kerobokan jail and has put all of his energy into his art. His cousin Niranjela said it was ""just too sad to think that could be his last birthday."" Sukumaran's skill and love for his art have grown as he"
"You might think opting for a salad or sandwich for lunch will see you on your way to a healthy lifestyle. But in fact sandwiches and pasta salads can contain more fat, calories and sugar than burgers and pizzas. Some apparently healthy meals are worse for you than demonised junk foods from the likes of McDonald’s, Burger King and Pizza Express, researchers have found. Scroll down for video . Some apparently healthy meals are worse for you than demonised junk foods from the likes of McDonald’s, Burger King and Pizza Express, researchers have found . For example, Asda’s Piri Piri Chicken Pasta Salad contains 46.5g of fat – two thirds of the recommended daily intake for an adult – which is more than the 43.3g found in a Burger King Bacon and Cheese Whopper. Meanwhile a Marks & Spencer Chicken and Smoked Bacon Salad sandwich contains 694 calories and 37.1g of fat – but a Pizza Express Classic Margherita pizza has 683 calories and contains only 22.5g of fat. And a 624-calorie Brie and Bacon Panini from Caffè Nero comes in at more than 100 calories higher than a 518-calorie McDonald’s Quarter Pounder with Cheese. Consumer group Which?, which conducted the research, said it was surprised to find that three of the sandwiches it surveyed contained more than three teaspoons of sugar. These included Pret’s Posh Cheddar and Pickle on Artisan, which contains 17.6g of sugar – equivalent to more than four teaspoons. Which? added it was easy for customers to overeat at lunchtime, with dishes such as Morrisons’ Tomato and Basil Chicken Pasta, which states it contains seven servings, often eaten by one person – meaning they consume 683 calories and 38.6g of fat in one sitting. This is more than Burger King’s Chicken Royale with Cheese, which has 648 calories and 37.2g of fat. Which? said its research proves all food suppliers need to adopt the traffic light labelling system, which flags up levels of calories, fat, sugar and salt, to help consumers cut through the confusion and find healthy lunch options. A 624-calorie Brie and Bacon Panini from Caffè Nero comes in at more than 100 calories higher than a 518-calorie McDonald’s Quarter Pounder with Cheese . The system is voluntary and many stores opt not to use it. A Which? spokesman said: ‘We’ve uncovered sandwiches and salads that contain more calories and fat than a Big Mac. ‘Given our research, it’s perhaps not surprising that two thirds of UK adults and a third of children are classed as overweight or obese. Overconsumption of foods high in calories, sugar and fat is fuelling our obesity crisis.’","Some apparently healthy meals worse for you than demonised junk foods .
Asda’s Piri Piri Chicken Pasta Salad contains a surprising 46.5g of fat .
This exceeds the 43.3g found in a Burger King Bacon and Cheese Whopper .
Caffè Nero has more fat than McDonald’s Quarter Pounder with Cheese .","Sandwiches and pasta salads can contain more fat, calories and sugar than burgers and pizzas, according to research by Which?. Some apparently healthy meals are worse for you than demonised junk foods. For example, Asda's Piri Piri Chicken Pasta Salad contains 46.5g of fat, which is more than the 43.3g found in a Burger King Bacon and Cheese Whopper. A Marks & Spencer Chicken and Smoked Bacon Salad sandwich contains 694 calories and 37.1g of fat, while a Pizza Express Classic Margherita pizza has 683 calories and only"
"Officers who rushed to the scene of the Colorado theater shooting entered a hellish world of bloody victims, noxious smells and blaring sounds - a gloomy darkness pierced by bright flashes from a fire alarm, police testified Wednesday. 'It was dim, the movie was still playing, the alarm was going off,' Aurora police officer Annette Brook told jurors in the trial of gunman James Holmes. 'I began to notice the bodies, the live victims, the blood.' Prosecutors called Brook and two other officers as witnesses on Wednesday, and their descriptions of the chaos of inside the suburban Denver theater intensified the already disturbing scene described a day earlier by moviegoers who were badly wounded or saw loved ones gunned down in the July 20, 2012, attack. Scroll down for video . The third day of the trial against suspected Aurora, Colorado movie theater shooter James Holmes continued on Wednesday. If convicted, Holmes could be sentenced to death. Pictured above in court on Monday, far left . Twelve people were killed and 70 hurt when Holmes allegedly opened fire on a packed theater in Aurora, Colorado for a midnight showing of The Dark Knight Rises in July 2012. Above, the scene of the theater after the shooting . Twelve people died and 70 were wounded. Holmes is charged with multiple counts of murder and attempted murder. He admits he was the shooter, his defense attorneys say, but schizophrenia had taken control of his mind and compelled him to kill. His lawyers are asking the jury to find him not guilty by reason of insanity, which would send him to the state mental hospital indefinitely. Prosecutors argue Holmes was sane and fully aware that what he was doing was wrong. They want the jury to convict him and sentence him to die. Holmes' defense attorneys want the jury to find him not guilty by reason of insanity. Prosecutors say Holmes knew what he was doing, however. On the left, a sketch of Holmes in court on Monday and and 2012 mugshot on the right . In the opening days of the trial, prosecutors have appeared intent on planting a deeply upsetting image in the jurors' minds. 'It smelled very, very bad,' officer Tomas Campagna testified Wednesday, describing the mixed odors of blood, sweat, urine and feces. 'It's hard to imagine unless you've been there.' Spent cartridges and casings from a shotgun, a rifle and a handgun littered the ground, so thick that officers couldn't avoid stepping on them, Campagna said. In places, the floor looked like it had been painted in blood, he said. Cellphones left behind by the victims rang far into the night. More victims testified Wednesday, describing the booms and the brilliant flashes of light that burst from the muzzles of the weapons aimed at them and the hot pain of being shot. One of those victims was Joshua Nowlan, a former member of the military who worked on aircraft carriers. He went to the movie, 'The Dark Knight Rises,' at the Century 16 multiplex in the Denver suburb of Aurora with friends who had just returned from their honeymoon in Florida. About 15 or 20 minutes into the film, a tear gas canister was thrown into the theater, and then the shooting started. Nowlan, who shielded his friends from the bullets, was shot twice and has undergone multiple surgeries. He used the cane he now needs to walk to show jurors what he saw next. 'I assumed it had to be the shooter, from his stance ... He was walking around, and I can see him pointing the gun in a circular motion that looked like he was searching for more people ... I was terribly scared,' Nowlan told the court. 'My thought process was that he was searching for other people and that he was going to start going row by row, and that anybody he would see in that row who was still moving, he would shoot.' He described the shooter firing three-round bursts. Asked if the gunman moved fast or methodically, Nowlan said: 'He was definitely moving slowly.' None of the victims said they saw Holmes' face, but one of the police officers did. Sgt. Spc. Gerald Jonsgaard testified he saw Holmes lying on the ground in the parking lot outside the theater as two officers arrested him. Jonsgaard didn't identify Holmes by name Wednesday but said he was sitting at the defense table. Holmes' lawyers have not cross-examined any prosecution witnesses. They will call their own witnesses after the prosecution rests.","Victims of the 2012 Colorado movie theater shooting testified in court on Wednesday as the trial of suspect James Holmes continued .
Police officers who responded to the scene also spoke in court about the incident which resulted in the deaths of 12 moviegoers .
If convicted, Holmes could face the death penalty .
His defense attorneys argue that he was insane .","The Colorado theater shooting was a chaotic scene of bloody victims, noxious smells, and blaring sounds. Officers described the dim, movie-playing theater as a gloomy darkness pierced by bright flashes from fire alarms and police sirens. The scene was further intensified by the testimony of victims and officers, who described the booms and brilliant flashes of light from weapons aimed at them, as well as the hot pain of being shot."
"Joke: Hayleigh Mcbay, of Elgin in Moray, Scotland, pretended to dump her boyfriend David Clarke . A teenage girl was left red-faced today after an April Fools' Day prank she made on her boyfriend  backfired spectacularly. Hayleigh Mcbay, 17, pretended to dump David Clarke via WhatsApp at midnight for a joke. But the girl from Elgin in Moray, Scotland, was given a taste of her own medicine when he pretended that also wanted to break up. College student Hayleigh texted her partner on the social media app with the words: 'I don't want to be with you any more. I am not happy.' But David replied: 'Thank God you said it first so I didn't have to.' Shocked, Hayleigh shot back: 'What? What do you mean? So you don't want to be with me?' Soon after her boyfriend revealed that he had also been playing an April Fools' Day prank. Seeing the funny side, Hayleigh then uploaded a screenshot of the conversation to Twitter, with the caption: 'Well, my April Fools’ backfired :s.' The tweet has seen been retweeted more than 12,000 times and favourited more than 11,000. While many have seen the funny side of the post, others have taken to trolling Hayleigh with hateful comments. One user wrote: 'Biggest f****** staged load of s*** I've ever seen. Die.' Hayleigh replied to  the comments by tweeting: 'Just to clarify, me and David did not plan that - but he guessed it was April Fools’ so jokingly replied. Sad that I have to specify that.' But she stopped short of another gag - telling followers yesterday: 'Can't even prank my mum and tell her I'm pregnant tomorrow because she'll be so disappointed when I tell her I'm joking.' Retweeted: A snapshot of the WhatsApp conversation Hayleigh, 17, had with her boyfriend David Clarke . Joke: Hayleigh texted David on the social media app with the words: 'I don't want to be with you any more' Explanation: The tweet Hayleigh uploaded after the attacks from trolls that she received on Twitter . play video . play video . play video . play video . play video . play video . play video .","Hayleigh Mcbay, from Elgin, Scotland, dumped her boyfriend as a joke .
But when 17-year-old told David Clarke, he replied that he was pleased .
David was actually calling Hayleigh's bluff and the pair are still dating .
Screenshot tweet of conversation retweeted more than 12,000 times .","A 17-year-old girl from Elgin in Moray, Scotland, pretended to dump her boyfriend David Clarke via WhatsApp on April Fools' Day. However, when David pretended to break up with her, the prank backfired spectacularly. The girl uploaded a screenshot of the conversation to Twitter, which has been retweeted more than 12,000 times and favorited more than 11,000. While many have seen the funny side of the post, others have taken to trolling Hayleigh with hateful comments."
"A section  of Arsenal and Liverpool fans left their seats empty at the Emirates Stadium for the first 10 minutes of their lunchtime Barclays Premier League clash in a protest against ticket prices. Supporters from both clubs say they are 'disgusted' at the continuing rise of ticket prices, with the protest coming in the aftermath of the announcement of the Premier League's £5.14billion TV rights deal with banners held up inside and outside the ground. With tickets at the sold-out Emirates starting from £64 for the 12.45pm kick-off, protesters hope the image of empty seats around the ground will raise awareness of the struggles fans face to meet the rising costs of following their clubs. Fans inside the Emirates Stadium display a banner reading: '£5bn and what do we get? £64 a ticket' The cheapest tickets for the lunchtime kick-off were £64, some of the highest prices in the Premier League . Supporters of both sides gathered outside the 60,000-capacity stadium before kick-off to show off banners against the rising costs of modern football. A banner inside the stadium, held between the home and away ends, read: '£5bn and what do we get? £64 a ticket'. Ahead of the game, Kelvin Meadows of Arsenal's Black Scarf Movement - who organised the event with Liverpool's Spirit of Shankly and Spion Kop 1906 fan groups - called ticket prices 'extortionate'. 'In the pursuit of money football has sold it's soul,' he said. 'The fans are that soul and no one cares about the match going fans. Arsenal and Liverpool fans unite outside the Emirates Stadium in a protest against ticket prices . Fans show off a banner reading 'FOOTBALL WITHOUT FANS IS NOTHING' outside the stadium before kick-off . 'We put up with late fixture changes, unreasonable kick off times and ridiculously high prices. We do it 'cos of the love of our team. 'But the tide is turning. Old rivalries are being put aside as fans from all clubs come together. Away fans help make the event but have to pay extortionate prices. Then we're told to ""sit down, shut up"".' Roy Bentham of Spirit of Shankly said: 'We want tangible reductions in line with what working class people earn. We may lose a generation or more of fans otherwise unless the footballing authorities wake up.' Further protests are expected after full-time at the Emirates.","Arsenal and Liverpool fans left seats empty at kick-off as part of a protest .
Supporter groups say they are disgusted at Premier League ticket prices .
More protests are expected after the lunchtime kick-off at the Emirates .","Fans from both Arsenal and Liverpool protested at the Emirates Stadium for the first 10 minutes of their lunchtime Barclays Premier League clash, with supporters holding banners against the rising costs of modern football. The protest came in the aftermath of the announcement of the Premier League's £5.14 billion TV rights deal, with tickets at the sold-out Emirates starting from £64 for the 12.45 pm kick-off. Fans hope the image of empty seats around the ground will raise awareness of the struggles fans face to meet the rising costs of following their clubs."
"When she was 15 weeks pregnant with her fifth child, Clare Van Santen was told she had breast cancer. 'I was pregnant with Elijah when I found out that I had breast cancer, so it was a bit scary wondering what was going to happen with the pregnancy and the other kids,' Ms Van Santen told Daily Mail Australia. After undergoing a specific chemotherapy regime which had been found to have no negative impact on unborn children, and having a mastectomy, her son was born happy and most importantly, healthy. 'He had a full head of hair when he was born, and I was bald so that made me feel better,' Ms Van Santen, who is from Perth, joked. Singe mother-of-five Clare Van Santen, 37, (back of image) is currently battling terminal breast cancer. She is pictured here with her four youngest kids Susan 17, Nikita, 14, Jack, 12, Elijah, 9, . The Perth woman was first diagnosed when she was pregnant with her fifth child, Elijah, now aged nine . When she asked her doctor after all her treatment whether she was in remission, he told her that with breast cancer, if it is contained within the breast like hers was, you are essentially cured. But ten years on, after living a life which she thought was cancer-free, the single mum-of-five has been told her cancer is now terminal. Her biggest concern going forward is for her children, whose ages range from 20 to nine years old, and how they will live without her. 'I worry about how they’re going to be and who’s going to look after them, what’s going to happen, how they’re going to cope,' Ms Van Santen said. After her initial diagnosis, the Perth woman learned in October 2013 her cancer had spread to her liver, and she also had a small amount in one of her shoulders. 'I went to have lap-band surgery and they did a scan of my liver and found some legions which ended up being cancer, little tiny bit in my shoulder too,' Ms Van Santen revealed. Ms Van Santen has a bucket list of things she wants to do with her children: Keisha, 20, Susan 17, Nikita, 14, Jack, 12, Elijah, 9, in the time she has left . She was first diagnosed with breast cancer in 2005, but it has since spread to her liver, shoulder, and brain . The 37-year-old has undergone coutnless chemotherapy and radiation treatments in the past decade . Instead of the surgery she was supposed to have, she had to endure five months of chemotherapy and hormone treatments, which successfully shrunk the spots in her liver. 'For most people a Bucket List is something that has lots of adventurous things on it... My Bucket List is for me and my kids, so they can enjoy their home environment and that we can make as many happy memories as possible while I can.' - Clare Van Santen. Some of the items on the mother-of-five's list include: . Then at the beginning of this year, Ms Van Santen began having some strange symptoms once again. 'I'd been having headaches and just forgetting things, and sometimes I'd read something and the worlds had been jumbled around. 'On February 14 I had a seizure and discovered the cancer had gone to my brain,' she revealed, saying the horrible event happened in front of three of her kids. Radiation therapy is currently trying to shrink the ten tumors spread throughout her brain, but the cancer is inoperable, and devastatingly, terminal. As for how much time Ms Van Santen has left with her children, it's impossible to know. 'They can’t say,' she said, speaking of her doctors. 'They've said a few months to a few years.' Ms Van Santen has a bucket list of things she hopes to do, see and experience with her family before her time is up, but life is much harder for her than it used to be. With the time she has left she hopes to makeover the kids' rooms so they have their own sanctuary, get a 'HUGE comfortable leather lounge for me and kids to sit on, so I can be with them', and fix up other things around the house. Ms Van Santen also wants to go on a family holiday on a cruise, have a photo-shoot with her kids, and simply 'make lots of little moments special'. She has thrown her support behind Breast Cancer Care's Buying Time campaign which aims to raise money to fund more breast cancer nurses . Ms Van Santen, pictured here with eldest daughter Keisha, is not sure how much time she has left with her kids . And perhaps the most important: 'Finding someone who will love my kids nearly as much as I do!'. But the medication she currently on makes her more exhausted than 'I've ever been in my life', and leaves her wiped out for days at a time. However the mum-of-five said her life would be even more difficult if she didn't have the support of Breast Cancer Care, WA. She has thrown her support behind the Buying Time Campaign, which aims to raise money which will go towards funding more breast cancer nurses and support services. 'I've rung them crying so many times,' Ms Van Santen revealed. 'Their support is so, so amazing.' When a patient first receives their diagnosis and calls the care centre, they are allocated a nurse who helps them through their entire journey. The nurses make house calls, ring and check up on them, send counsellors out to get people through tough times and help patients get connected with support groups. She hopes to take her family on a holiday together, and get a photoshoot with everyone soon . Ms Van Santen also hopes to raise awareness about the mortality rates of women with breast cancer . 'They help with everything, if you need some financial help, or you need legal help, if you need a lift...' Ms Van Santen said. '(And) it’s good to be able to speak to other people going through the same thing,' she added, speaking of the help she received through her Stage 4 support group. Through her involvement in this campaign, Ms Van Santen also wants to help raise awareness about the mortality rates of women who suffer from breast cancer. She has questioned why she is classified as a 'survivor' because she has lived for more than five years after her diagnosis, but will still eventually succumb to the disease. Ms Van Santen said she would like to see more research done on Stage 4, or terminal, breast cancer because even though hers was detected early, it will still eventually take her life. 'So much money goes into awareness for breast cancer, but no money goes into actually researching Stage 4 cancer,' she said, adding that as it's the one that takes lives there should be more known about it. Ms Van Santen hopes in the future there can be more awareness about the mortality rates of the disease, and that people know that even if detected early, that breast cancer can still kill. 'It’s important for so many people, you know, my kids, people's families', she said. You can support the Buying Time campaign here, donate to help Clare Van Santen tick things off her bucket list here, or keep up with her journey here.","Clare Van Santen, 37, has Stage 4 breast cancer, which means it's terminal .
Single mum-of-five was first diagnosed in 2005 while pregnant with her son .
She underwent chemotherapy and a mastectomy to fight the cancer .
Then in October 2013 she learned it had spread to her liver and shoulder .
Discovered she had tumors in her brain after a seizure in February 2015 .
Now she has thrown her support behind the Buying Time Campaign .
It urges people to donate to fund more breast care nurses and services .","Clare Van Santen, a 37-year-old mother-of-five, was diagnosed with breast cancer at 15 weeks pregnant with her fifth child, Elijah. After undergoing chemotherapy and a mastectomy, she gave birth to a healthy son. Van Santen's cancer has spread to her liver, shoulder, and brain, and she is currently battling terminal breast cancer. She has a bucket list of things she wants to do with her children before her time is up, including making their rooms a sanctuary, getting a comfortable lounge, and fixing up other things around the house. Van Santen hopes to have the support of Breast Cancer Care"
"Watford dramatically clinched promotion to the Premier League on Saturday on a typically manic afternoon in the Championship - and insist they're well-equipped to stay in the top flight. Slavisa Jokanovic's men beat Brighton 2-0 at the Amex Stadium in the early kick-off and were hoping that Middlesbrough lost plus Norwich failing to win. Both those results came in during a sensational final five minutes, with Fulham beating Aitor Karanka's Boro 4-3 in stoppage time after Rotherham had equalised against Norwich moments before. Watford have secured promotion back to the Premier League after their 2-0 win away at Brighton . As results from the other games come through, players celebrate wildly on the team-bus . Players can be seen screaming, shouting and singing as Middlesbrough and Norwich both dropped points . Watford will now return to the Premier League for the first time since the 2006-07 campaign . Defender Tommie Hoban has called the club's promotion an 'unbelievable achievement' Watford had won at Brighton and were travelling back home on the team coach when news filtered through on that they had won promotion three hours afterwards. Players and staff erupted on the bus when Ross McCormack scored a 94th-minute winner for Fulham at Craven Cottage. The squad uploaded numerous videos on the internet in the immediate aftermath, with Tommie Hoban labelling it an 'unbelievable achievement'. 'For Middlesbrough to lose like this - it's a magical division. There is no other league like it,' Hoban said. 'Luckily we'd just got into the training ground as Rotherham scored. It is the best day ever, it hasn't sunk in yet. 'I think we can definitely stay up - we have a stronger squad than a few of those teams in the Premier League and will add in the summer.' Watford forward Troy Deeney celebrates after scoring the opening goal against Brighton on Saturday . Twenty-goal striker Odion Ighalo added: 'It is dream to play in the Premier League. 'It was very tense because we were waiting and listening. We're in good spirits now. This is what I came to England for, to play in the Premier League. 'We can stay in the Premier League. We are very calm. It's not going to be easy but the way we are playing now... I think we can stay there.' It ends Watford's eight-year absence from the top flight after suffering relegation back in 2007. The squad were out partying in the town last night. Troy Deeney opened the scoring at Brighton before a stoppage-time Matej Vydra goal sealed the points. Middlesbrough's capitulation at Craven Cottage also means Bournemouth will effectively earn promotion should they beat Bolton tomorrow by virtue of superior goal difference. The Watford players celebrate at full-time as they secure a return to English football's top-flight .","Watford have sealed an automatic return to the Premier League following their 2-0 win at Brighton and Middlesbrough's 4-3 loss at Fulham .
Players celebrated wildly on the team-bus as the news came in .
Defender Tommie Hoban is confident that the team has what it takes to stay up next season and insists they already have a strong squad to build on .","Watford secured promotion to the Premier League on Saturday after a dramatic 2-0 win against Brighton. The victory was achieved despite Middlesbrough and Norwich both losing their matches. Players and staff celebrated wildly on the team bus, and Watford will now return to the Premier League for the first time since the 2006-07 campaign. The promotion is described as an ""unbelievable achievement"" by defender Tommie Hoban and forward Troy Deeney."
"(CNN)[Breaking news update, posted at 11:52 p.m. ET] . Denver police report nine arrests in Wednesday's demonstrations.  The charges include assault of a police officer, robbery, resisting police, disobedience to lawful orders, obstructing roadways, and interference. [Previous story, posted at 10:54 p.m. ET] . (CNN) -- In cities across the United States, marchers took to the streets to show support for protesters in Baltimore and to complain about police violence in their own towns. On Wednesday night, several hundred people streamed into Union Square for an ""NYC Rise Up & Shut It Down With Baltimore"" rally. Protesters headed west on 17th Street and were met by New York City Police officers who pushed them back. A small scuffle broke out between the two front lines and police placed at least 20 people in zip ties in the street. The NYPD also handed out fliers and used loudspeakers to tell protesters and pedestrians to stay on the sidewalk. One person was placed in ambulance and taken away. The crowd headed toward Times Square. A law enforcement source told CNN that more than 60 people were arrested during the demonstrations. The rally was organized through social media, much like protests over the killing of Eric Garner, who died while police held him in what appeared to be a chokehold. The demonstrators chanted ""Black Lives Matter"" and ""Justice for Freddie Gray"" -- the Baltimore man whose death sparked street confrontations in Baltimore. CNN affiliate WCBS reported Mayor Bill de Blasio sent a message to the protesters: ""I'd say that if you want to make change, keep things peaceful."" A smaller rally was held Tuesday in New York. In Washington, about 500 protesters, mostly in their 20s, gathered in the middle of H Street and 7th and chanted, ""All night, all day, we're gonna fight for Freddie Gray."" The mood seemed more festive than confrontational, with songs by Public Enemy like ""Fight the Power"" playing and sign-language interpreters translating the music and chants. The protest moved to the White House where most of the crowd dispersed. It started after most office workers had headed home and didn't disrupt the Washington workforce badly. One of the groups involved in the protest is the DC Ferguson Movement. Organizer Eugene Puryear said the march was called to show solidarity with the residents in Baltimore and to highlight that police brutality is a national issue. Several hundred people gathered in Gold Medal Park in Minneapolis for a rally organized by the group of #BlackLivesMatter. The Minneapolis group  held similar events in the past in response to alleged police brutality across the country. Protests also were held in Boston and Houston. On Tuesday, violent protests took place in Ferguson, Missouri, where three people were shot, the city police reported. Police said they didn't do the shooting. A 20-year-old man was arrested and the three victims were in stable condition -- two with wounds to the neck, one in the leg, police said. Police said about 300 people marched, with protesters throwing rocks at police, damaging four police cars and setting trash and debris on fire near Northwinds Estates and West Florissant, police said. One business in Dellwood was damaged, police said. No officers were injured as police conducted anti-riot activities until 3 a.m. In Los Angeles, six people protesting against police brutality were arrested Monday night when they failed to disperse, reported CNN affiliate KABC. About 50 people marched, KABC said. On Tuesday, protesters gathered outside the Stapes Center, where the Los Angeles Clippers and the San Antonio Spurs were playing an NBA playoff game. They disrupted traffic and carried protest signs. In Chicago, hundreds of protesters marched Tuesday from police headquarters at 35th and Michigan through the Southside, CNN affiliate WGN reported. Police made one arrest, for reckless conduct. WGN said protesters spoke about police violence and the death of Rekia Boyd, who was killed by an off-duty officer in 2012. That officer was acquitted last week. The group plans to gather Wednesday night at the DePaul Law School. About 100 people marched Monday night in Oakland in support of Baltimore protesters, reported CNN affiliate KABC. A protest is planned for Thursday in Cincinnati, reported CNN affiliate WXIX.  Philly.com said a ""Philly is Baltimore"" protest will be held Thursday at Philadelphia City Hall. CNN's Alexandra Field, Elizabeth Landers, Lorenzo Ferrigno and Suzanne Malveaux contributed to this report.","Police arrest demonstrators near Union Square in New York .
Protests also held in Washington, Minneapolis and Boston .","Denver police arrested nine people in Wednesday's demonstrations, including assault of a police officer, robbery, resisting police, disobeying lawful orders, obstructing roadways, and interference. In New York City, protesters clashed with police, resulting in 20 people being placed in zip ties and one person being taken to the hospital. In Washington, protesters chanted ""Black Lives Matter"" and ""Justice for Freddie Gray"" and were told to stay on the sidewalk. In Minneapolis, protesters chanted ""All night, all day, we're gonna fight for Freddie Gray"" and were told to stay on the sidewalk. In Ferguson, Missouri,"
"It is matches like this that makes one wonder just how good Gael Monfils could have been; and perhaps how good he still can be. The Frenchman is sometimes fantastic, often frustrating and always flamboyant but he brought all the good parts of his game to bear as he knocked Roger Federer out of the Monte Carlo Masters 6-4, 7-6 in a thrilling last-16 encounter. Monfils displayed the breathtaking athleticism that can make Novak Djokovic look sluggish and the shotmaking that can make Andy Murray seem conventional. But the 28-year-old also played with focus and commitment, two attributes which can sometimes be found wanting in the world No 18. Gael Monfils celebrates after beating Roger Federer in straight sets at the Monte Carlo Masters . Frenchman Monfils beat the former world No 1 6-4 7-6 in a last-16 thriller on Thursday in Monaco . Federer started smoothly and broke with a clever chipped return. But the 33-year-old handed the break back with a double fault and the momentum swung towards the Frenchman. At 4-4, Monfils came out on top in a pulsating 31-shot rally to bring up three break points. On the second, he won another grueling point and then served out comfortably. The second set was the best of the tournament so far. Each game was fiercely contested with both men playing superb, intense tennis. Federer shows his frustration after bowing out of the clay court tournament to the No 14 seed . Federer leaves the court after his loss put Monfils through to his first last-eight match in Monaco . Neither was able to puncture the other’s serve and so, appropriately, a tie break was needed to separate them. Every rally in the breaker was a mini epic. Federer edged ahead with a brilliant return winner but missed a backhand to cede the advantage. Monfils won a couple of points on serve and the world No 2 was forced to serve to stay in the match at 5-6. He missed an approach shot wide and the Frenchman unfurled that trademark beaming grin. Monfils will face Grigor Dimitrov in what should be an explosive quarter-final. World No 18 Monfils hit 22 winners to Federer’s 17 as he shocked the 17-time Grand Slam winner . Monfils and Federer shake hands at the end of the match after the 28-year-old overcame the 33-year-old .","Gael Monfils beat Roger Federer 6-4, 7-6 at the Monte Carlo Masters .
The Frenchman showed how good he can be in thrilling last-16 win .
Monfils now faces Grigor Dimitrov in the quarter-finals in Monaco .","Gael Monfils, a 28-year-old Frenchman, defeated Roger Federer in a thrilling last-16 encounter at the Monte Carlo Masters, showcasing his breathtaking athleticism and shot-making skills. Despite his focus and commitment, Monfils struggled to break Federer's serve, leading to a tie-break. Monfils will face Grigor Dimitrov in the quarter-finals."
"Lionel Messi has recovered from his injured foot and should be fit to start Sunday's La Liga match with Celta Vigo. The Argentina forward sat out both of his country's friendlies against El Salvador and Ecuador over the international break but, after arriving back in Barcelona on Thursday, was able to do some light running and stretching in training. Messi is ahead of schedule in his recovery and a statement on the club's website read: 'The inflammation of Messi's foot has improved and the player will attempt to join the rest of the internationals tomorrow.' Lionel Messi waves to fans during a light training session at Barcelona on Thursday . Messi had a light training session alongside compatriot Javier Mascherano as he recovers from foot injury . The pair returned to the Barcelona training ground on Thursday, 24 hours ahead of schedule . Messi and Mascherano stretch off during Thursday's training session, with Celta Vigo ahead on Sunday . April 5 Celta Vigo (A) April 8 Almeria (H) April 11 Sevilla (A) April 15 Paris Saint-Germain (A) Champions League Quarter-final, first leg . April 18 Valencia (H) April 21 Paris Saint-Germain (H) Champions League Quarter-final, second leg . The 27-year-old, who is the La Liga top goalscorer with 32 goals, sustained the blow to his right foot in last month's 'Clasico' win over Real Madrid. He trained alongside his compatriot Javier Mascherano on Thursday and both are expected to rejoin the rest of the squad in a more intense session on Friday. Barcelona's 2-1 success stretched their lead over their arch-rivals to four points with 10 matches remaining. Real host Granada on Sunday, seeking to recover from a poor run of three defeats in four across all competitions. Coach Luis Enrique will be making his first return to the Balaidos Stadium where he guided Celta to a respectable ninth-place finish last season. And there is evidence that Enrique's legacy has lasted, with the team currently in 10th, having recorded some surprise results this season, including a 1-0 win at the Nou Camp back in November. Neymar runs with the ball during Barcelona's training, closely watched by Xavi . Marc Bartra and Neymar during Barcelona's training session ahead of Sunday's trip to Celta Vigo . Thomas Vermaelen and Marc-Andre ter Stegen are put through their paces at the Ciutat Esportiva . They have also taken four points off defending champions Atletico Madrid this season - winning 2-0 at home and drawing 2-2 away. With their formidable attacking trio of Messi, Neymar and Luis Suarez in top form, Barca have every chance of winning the Treble of league, Copa del Rey and Champions League. They face Athletic Bilbao in the Copa del Rey final and have been drawn against Paris Saint-Germain in the last eight of the Champions League. Barcelona in training ahead of Sunday's visit to Celta Vigo, where they will aim to extend their four-point lead . Barcelona currently enjoy a four-point advantage over Real Madrid at the La Liga summit . Defender Gerard Pique said he has enjoyed watching the explosive forward line from the back this season. 'I think the team still has the same philosophy but we have a lot of options,' Pique said. 'With the three great players we have up front, we haven't had to change the way we play but we do deliver a lot of balls to them because we know they will create scoring chances. 'We still dominate games. The style and philosophy remain the same. Barca always has to be the team that takes the initiative.'","Messi completed a light training session at Barcelona on Thursday .
He has almost recovered from a foot injury sustained in Clasico with Real .
Argentina star sat out friendly matches with El Salvador and Ecuador .
Barcelona hoping to maintain La Liga lead against Celta Vigo .
Luis Enrique's team remain on course for the Treble .","Lionel Messi is expected to be fit to start Sunday's La Liga match against Celta Vigo after recovering from an injured foot. Messi had a light training session alongside Javier Mascherano on Thursday, and both are expected to rejoin the rest of the squad in a more intense session on Friday. Barcelona currently has a four-point lead over Real Madrid in the La Liga standings."
"Abu Dhabi, United Arab Emirates (CNN)Lost luggage after a long flight is a common, frustrating occurrence of modern air travel. And sometimes, airlines lose things that are irreplaceable. American Jennifer Stewart says she was devastated to learn that Etihad Airways lost her most important baggage following a recent trip from Abu Dhabi to New York City: her 2-year-old pet cat, Felix. Stewart said that she and her husband, Joseph Naaman, booked Felix on their Etihad Airways flight from the United Arab Emirates to New York's John F. Kennedy International Airport on April 1. Shortly after the plane arrived in New York that evening, Felix went missing somewhere on the grounds of Kennedy Airport, according to Etihad Airways. Felix was able to get loose, Stewart said she believes, because the cat's plastic carrier was badly damaged at some point either during the flight or the transfer from the airplane to the pickup area. Stewart said a cargo manager called the couple to an office after they landed at Kennedy last week and notified them that their cat's carrier had been crushed. Photographs taken by Stewart showed a large hole in the top of the cat's carrier. At least one of the corners of the case appeared partially collapsed. Nearly one week later, Felix remains missing. ""For them to take a cat and ship him like he was cargo, not a live animal, makes me sick,"" Stewart said.  ""You trust that people care and are doing the job well, and then this happens."" A representative for Etihad Airways told CNN that that the loss of pets during air travel is ""extremely rare.""  The airline shipped more than 200 pets last year. Etihad Airways is investigating the incident and is working with ground handlers at the New York airport to help locate the missing cat. The Abu Dhabi-based carrier also said it hired ""third-party specialists"" to help in the hunt for Felix. ""We deeply regret this unfortunate incident and are keeping the owner apprised of the progress of the search,"" Etihad Airways told CNN in a statement. ""We will review our pet handling procedures in the wake of this incident, as the safety and care of pets traveling with Etihad Airways is a top priority."" Stewart and her husband booked the cat's flight as part of their job relocation to the United States after living in Abu Dhabi for more than three years. The couple said they spent $1,200 to ship Felix on the 14-hour flight. ""You pay all of this money, but for what? People assume you pay extra to have your pets taken care of, but they're treated no differently than a free piece of checked luggage,"" Stewart said. It isn't the first time a pet has gone missing at New York's busiest airport. In August 2011, a cat escaped from its carrier before an American Airlines flight from New York to San Francisco. That cat was eventually discovered -- alive -- two months later in a customs room at the airport. But the cat later had to be euthanized because of injuries and malnutrition it suffered while lost. This weekend, Stewart enlisted the help of a local nonprofit, which provided a highly trained detection dog, to help track down Felix's scent. A wildlife biologist who works with the airport has also placed traps to facilitate Felix's safe return, according to the Port Authority of New York and New Jersey. Officials at Kennedy have offered to assist Etihad Airways as the airline investigates what happened, the Port Authority said. Stewart said the couple will continue to search the airport until they have answers. ""We just want to find Felix. But I just don't know if we will,"" she said.","Couple spends $1,200 to ship their cat, Felix, on a flight from the United Arab Emirates .
Felix went missing somewhere at John F. Kennedy International Airport, airline says .
Pets are ""treated no differently than a free piece of checked luggage,"" Jennifer Stewart says .","A pet cat named Felix was lost during a flight from Abu Dhabi to New York City. The cat's carrier was damaged during the flight, and the airline hired specialists to help locate the cat. The incident is rare, but the airline is investigating and working with ground handlers to find the cat."
"A senior aide to US Senator Kelly Ayotte has resigned after he was arrested for allegedly soliciting a prostitute, the senator's office said. David Wihby, 61, was arrested on Friday in Nashua on a misdemeanor charge for solicitation of prostitution and resigned on Saturday, according to Ayotte's office. Wihby has been the New Hampshire Republican's state director for the last year and her number-two staffer behind the chief of staff. Ayotte also called Wihby her longtime friend. David Wihby, 61, was arrested on Friday on a misdemeanor charge for solicitation of prostitution and stepped down from his government role on Saturday . He is a former longtime Manchester city alderman. former deputy commissioner and interim commissioner of the state Department of Labor. Wihby also has an elected seat on the Manchester school board, according to the Boston Globe. 'I am shocked and deeply saddened that David Wihby, my state director and a friend for many years, has been arrested under these circumstances,' Ayotte said in a statement. Here Ayotte (right) and Wihby (center, back) are pictured together on what appears to be a bus. Ayotte said that Wihby was her 'friend for many years' Wihby (right) has been Republican New Hampshire Senator Kelly Ayotte's (left) state director for the last year. He also has an elected position on the Manchester, New Hampshire, school board . Ayotte talks to reporters in 2014 as Wihby (fifth from left) stands close by. Ayotte said that Wihby resigned because he 'obviously cannot continue his duties' 'David obviously cannot continue his duties, and I have accepted his resignation. This is a very difficult time, and my thoughts and prayers are with everyone involved,' she added. Nashua Police reportedly arrested ten men between the ages of 24 and 62 years old over the course of the last week on charges of prostitution, according to WMUR. All of them men were arrested at hotels after they responded to advertisements from women online. Wihby was released on $2,000 personal recognizance and will be arraigned at the beginning of May. Ayotte said she was 'shocked and deeply saddened' by Wihby's arrest. He was one of ten men to be arrested in the last week by Nashua Police on charges of prostitution .","David Wihby, 61, has been New Hampshire Senator Kelly Ayotte's state director for the last year .
He was arrested on Friday on a misdemeanor charge for solicitation of prostitution and stepped down from his government role on Saturday .
He was one of ten men arrested in the last week by Nashua, New Hampshire, police in prostitution sting .
Ayotte said in a statement that she was 'shocked and deeply saddened' by Wihby's arrest .","David Wihby, a former state director and longtime friend of US Senator Kelly Ayotte, was arrested for soliciting a prostitute and resigned from his government role. Ayotte called Wihby a ""friend for many years"" and said he resigned because he ""obviously cannot continue his duties."" Wihby was released on $2,000 personal recognizance and will be arraigned at the beginning of May."
"Conor O’Shea has revealed his concern at the increasing force of rugby’s collisions after Harlequins and England full back Mike Brown was consigned to even more time on the sidelines to recover from the latest high-profile head injury. Brown has not played since the final round of the RBS 6 Nations on March 21, is still suffering headaches after a week-long holiday in Dubai and no closer to being declared symptom-free. The episode raises questions about whether the 29-year-old was brought back too early for England’s title-decider against France, having been knocked out in the Test against Italy five weeks earlier following a crunching collision with Andrea Masi. Mike Brown is knocked out in a collision with Italy’s Andrea Masi in the Six Nations last month . Brown was out cold for approximately eight minutes and hasn't played since the Italy game on March 21st . ‘It’s a concern because I don’t like someone coming in with something you can’t diagnose,’ said O’Shea, Quins’ director of rugby. ‘Sometimes a physio will sit you down and say, “It’s six to 12 weeks out”. Here it could be tomorrow or it could be whenever — we don’t have a timescale. There’s no doubt that a decade or even a year ago Browny would be back out on the pitch. ‘You want to see the gladiatorial side of things — the big hits that we’ve all grown up with. It was once a badge of honour that you got up and got on with it. But at least we’re now aware. Is it a concern for the game that we’re seeing collisions of the nature that we are? Yes, it has to be.’ Brown will have played just six of his club’s last 19 games after sitting out of the coming weekend, and his England team-mates Joe Marler and Chris Robshaw have featured in only eight of the last 18. Northampton have ruled out George North, who is suffering from his own concussion problems after being knocked out in three different collisions, until the end of the month and O’Shea must also deal with the absence of one of his marquee players. George North suffered his third concussion in four months during Northampton's defeat to Wasps . ‘You can look at a succession of events for George North, whereas this is a follow-on of symptoms from one event,’ said O’Shea. ‘Against Italy it was as big a hit as I’ve seen someone take. It was quite frankly a monstrous hit. I was pretty worried when I saw it live. ‘Is it tough on us having the England full back for six out of 19 games and still indeterminate? Yes, but there are more important things than rugby.’","Brown was consigned to even more time on the sidelines to recover from the latest high-profile head injury .
he has not played since the final round of the RBS 6 Nations on March 21, is still suffering headaches after a week-long holiday in Dubai .
The episode raises questions about whether the 29-year-old was brought back too early for England’s title-decider against France .","Conor O'Shea, the director of rugby for Harlequins, expressed concern about the increasing force of rugby collisions, citing Mike Brown's recent head injury as an example. Brown, who was knocked out in a collision with Italy's Andrea Masi, has not played since the Italy game on March 21st and is still suffering from headaches. O'Shea believes that the game should be aware of the increasing force of collisions and that it is a concern for the game that we are seeing collisions of the nature that we are."
"Arsene Wenger has revealed he only makes the final decision on his starting line-up on the morning of the match - and agonises over the selection all week. The Arsenal manager, who has taken charge of 1,056 matches since his appointment in September 1996, has lifted the lid on his pre-match rituals in an interview with the official Arsenal Magazine. Wenger said: 'I always have eight or nine players of my team in my head the day before the game, but there's always a doubt on one or two. Arsene Wenger has revealed the selection process he uses to pick his Arsenal team . Wenger lifts the FA Cup following Arsenal's triumph over Hull City at Wembley last season . 'You try to make it as scientific as much as you can, but it's intuitive as well because you have to think if the balance of the team is right or if one player was a bit better in the last training session. 'When two players are together in your mind, competing for one position, every single detail can go for one of them - experience, confidence under pressure - everything can make a difference. 'I always have a final chat with the medical people to make my mind up and make sure that everybody is alright. I do that on the morning of every game. Then I make my decision.' But even though the Frenchman waits until the hours before the game to confirm his team, the overall selection process takes much longer. Wenger, drenched in champagne, is held aloft by his players after Arsenal's FA Cup win last season . Wenger said: 'Anyway, you always have your team in your head, for the whole week. You never go to bed without thinking about what the next line-up will be. 'You live with that always. That can create uncertainties, because you think about it every day. 'If you don't know on Friday night, you will not know on Saturday morning so you have to decide in your head early, and go for it.' Wenger's methods have delivered three Premier League titles and five FA Cups during his tenure at Arsenal.","Wenger has spoken about the process of selecting Arsenal teams .
The Arsenal manager has eight or nine of the team decided by matchday .
But the final decision is made in the hours immediately before kick-off .
Sometimes the thought process to pick perfect XI takes all week .
CLICK HERE for all the latest Arsenal news .","Arsene Wenger, the Arsenal manager, reveals that he only makes the final decision on his starting line-up on the morning of the match and agonizes over the selection all week. Wenger uses a scientific approach to select his team, but also relies on intuition and experience. He has lifted the FA Cup following Arsenal's triumph over Hull City at Wembley last season. Wenger's methods have delivered three Premier League titles and five FA Cups during his tenure at Arsenal."
"Manny Pacquiao hardly needs added motivation to work hard ahead of his May 2 mega-fight against Floyd Mayweather, but a personalised gift from celebrity lawyer Robert Shapiro has provided some nevertheless. The Pacman laughed with trainer Freddie Roach on Monday after Shapiro, most famed for representing OJ Simpson in 1995, gave him a custom-made speed ball with Mayweather's face painted on it. Pacquiao's speed and work rate are expected to be his biggest weapon against Mayweather when they take the ring in less than three weeks at the MGM Grand Garden Area in Las Vegas. Manny Pacquiao inspects a speed ball with the face of Floyd Mayweather painted on it during a break from training on Tuesday . Pacquiao and his trainer Freddie Roach (right) laugh at the gift given by celebrity lawyer Robert Shapiro (centre in the white hat) Robert Leslie Shapiro, 72, is a civil litigator working out of Los Angeles-based firm Glaser Weil Fink Jacobs Howard Avchen & Shapiro. Most famously, Shapiro was an integral member of OJ Simpson's 1995 defense team when the former NFL player successfully fought charges that he murdered his ex-wife Nicole Brown and Ronald Goldman in 1994. Other star clients include baseballers Darryl Strawberry, José Canseco and Vince Coleman, along with Johnny Carson, the Kardashians, Ol' Dirty Bastard and Linda Lovelace. In the US, he also appears in TV commercials for LegalZoom, a company he co-founded. Pacquiao is the underdog for the bout, billed as The Biggest Fight In History and tipped to gross more than £300m, but you wouldn't know it from his quiet  confidence as he works through the closing stages of preparations with Roach at his Los Angeles base. While sparring has been strictly off limits to all but their inner sanctum, Pacman looked fresh and sharp as he limbered up and shadow boxed during his session on Tuesday at the Wild Card Boxing gym, just off Santa Monica Boulevarde in Hollywood. For victory the eight-division world champion must do what no-one has done in Mayweather's 47-fight career and inflict defeat on the Money Man from Michigan, a five-division world champion in his own right and, of course, the holder of the welterweight titles they'll be fighting for. Pacquiao works up a sweat as he shadow boxes during preparations for his May 2 clash with Mayweather . With his eyes closed and grimacing with effort, Pacquiao ramps up his shadow boxing routine on Monday . On his toes and focused, Pacquiao is looking to defy the odds against fight favourite Floyd Mayweather . Roach kneels in the corner as Pacquiao's team prepare the eight-division champion for a session on the pads . The Filipino works his way around the ring, looking sharp after sharing a joke with Shapiro and Roach . Pacman limbers up ahead of his workout on Monday in the gym just off Santa Monica Boulevarde in Hollywood . Pacquiao is going through his final preparations ahead of the bout billed as 'The Biggest Fight in History' Confident Pacquiao kicks his feet high during his warm-up ahead of training at Wild Card Boxing . There have been no shortage of reports out of both camps that the other's preparations are below par. Pacquiao's promoter Bob Arum claimed Maywether's sparring has been limited by a split lip, which was later confirmed in an eye witness report from David Mayo from MLive.com, in addition to some cuts on his knuckles. 'Let me confirm that Mayweather indeed has been coping with hand injuries. He has some skin marks on his knuckles. They require antiseptic. He even sometimes blows on them to relieve the stinging after the medication is applied, lest anyone think it is impossible to hurt boxing's pound-for-pound king,' Mayo wrote. They aren't injuries to be worried about though, says Mayo, just like the reported calf problems Pacquiao is said to have been struggling with. 'Mayweather is 38. Pacquiao is 36. It would be a surprise if they didn't have some aches and pains. And it would be an excuse if anyone said a split lip or cramping calves in early April had any effect on a fight scheduled in early May,' he added. It's thirsty work for Pacquiao with less than three weeks to wait before he takes the ring against Mayweather . Pacman takes a rest against the ropes during his tough workout with Roach and his close-knit entourage . Last week Pacquiao's own sparring was cut short after US Anti Doping Agency technicians arrived to take four vials of blood for routine testing ahead of the fight. Roach decided to call it a day for his fighter, who had only been running the day before. Boxing Scene reported Arum saying that Pacquiao didn't want to keep the USADA officials waiting so gae blood and urine before his workout. 'Since it took a while to get it done, Freddie (Roach) asked Manny to take off,' Arum reportedly said. Arum then said Mayweather was 'getting hit a lot by his sparring partners and couldn't spar for a few days because his lip was cut and they had to manufacture a special headgear that also covered his lips because every time Floyd got hit, it bled.' Mayweather doesn't appear too bothered though, Tweeting on Friday: 'I always have the remedy to do what I have to do to come out on top.'","Manny Pacquiao and Floyd Mayweather meet in Las Vegas on May 2 in 'The Fight of the Century'
Filipino Pacquiao was given a speed ball with the face of Floyd Mayweather on it on Monday .
Pacquiao then got down to business with a training session at Wild Card Boxing gym .
WATCH: Pacquiao sings and directs his own music video for walk-out tune ahead of mega-fight with Mayweather .
READ: UFC icon Ronda Rousey backs Pacquiao as Fast and Furious 7 star visits Filipino ahead of Mayweather fight .","Robert Shapiro, a celebrity lawyer, gave Manny Pacquiao a custom-made speed ball with Mayweather's face painted on it as a personalized gift. Pacquiao's speed and work rate are expected to be his biggest weapon against Mayweather in their May 2 mega-fight. Pacquiao is the underdog for the bout, tipped to gross more than £300m, but his quiet confidence as he works through the closing stages of preparations with trainer Freddie Roach at his Los Angeles base suggests he is confident of victory."
"As inexperienced first-time parents we shower our baby with gifts and document their every milestone. But second children are left to rely on hand-me-downs, with around £500 less spent on them in their first year of life. More than a third of mothers clothed their second baby in one or more hand-me-downs, with 46 per cent giving them toys bought for their elder sibling. Second children are left with hand-me-downs, and around £500 less spent on them in their first year of life . And though 82 per cent have a memento of their first child, such as a lock of hair or a video of their first steps, only 23 per cent have a keepsake for their second, a report by Debenhams found. The new Royal baby may be about to force Prince George to share the Royal spotlight, but most second borns in the family have every reason to feel hard done by, the research shows. Doubtless the latest addition to the Duke and Duchess of Cambridge's family, due next week, won't have to put up with many hand-me-downs, but he, or she, will be a baby that bucks the trend, says the new study. The report for the high street retailer found on average the second born has over £500 less spent on them in the first 12 months, than the first sibling who is showered with attention and given the best of everything. Second children have to put up with having fewer new clothes bought for then as well as having a poorer record of their upbringing, with noticeably fewer photos and home movies taken of their young life. It happened with Prince William and Prince Harry as babies. The Duke of Cambridge has 124m images and mentions on social media of him as a toddler compared with 116m for the younger brother. Prince Willam and Prince Harry: The Duke of Cambridge has 124m images and mentions on social media of him as a toddler compared with 116m for the younger brother . Over eight out of ten mums (82%) say they have a memento of their first child, such as a lock of hair, a video of the first step, or the first drawing while less than one in four (23%) have a keepsake of their second. A third (32%) of second time mums admit to clothing their new baby in one or more hand-me-downs and almost half (46%) say they give them toys which had been brought originally for the elder brother or sister. Mums confess to wasting money on the first born due to, 'inexperience', and the, 'excitement' of a first baby, but also report a sharp decline in gifts for the second- born. They also say they are more knowledgeable about toddlers' demands when it comes to subsequent children and realise they don't need so much. The new Royal baby may be about to force Prince George to share the Royal spotlight, but most second borns in the family have every reason to feel hard done by, the research shows . Four of five mums say they bought, or were given, more expensive items than were required when their first child came along. Designer outfits promoted by fashion loving celebrities were rated as the biggest luxury with only 12% of second children being bought clothing with a designer label compared with 38% of first-borns. More than half of first-time mums also admitted to splashing out on clothes their children have never worn. First children have on average 14 cuddly toys by the age of six months, whereas the later child makes do with an average of eight. Mums said they asked friends and relatives for specific practical gifts for the second child rather than relying on chance, which cut down on presents that were never used. When asked about family albums of their children up to the age of two, three quarters admit that those photos almost always include the older sibling. It was only when a toddler started nursery school that the second child started having more photos taken. Debenhams head of childrenswear, Shani Delargy said: 'Having a baby at any time is a momentous experience but it's understandable that mums adopt a much more practical approach by the time the second child comes along. 'Whilst mothers want the best for all their children. It's all about being sensible and looking for good value products. At Debenhams we recognise this and offer a great choice of baby products and clothing for all budgets, including designer labels at high street prices.' According to the Office for National Statistics the average age to have a second child is 30.1 years, while the average age of first time mothers is 28.1 years old. The Duchess of Cambridge was 31 when Prince George was born and is now aged 33. And though 82 per cent have a memento of their first child, such as a lock of hair or a video of their first steps, only 23 per cent have a keepsake for their second, a report by Debenhams found .","Parents spend more on  first child because of excitement and inexperience .
Survey by Debenhams  shows more pictures and videos taken of first child .
Second children have to put up with fewer new clothes and cuddly toys .","The second child is often left with hand-me-downs and less money spent on them in their first year of life. Mums are more knowledgeable about toddlers' demands and realise they don't need as much for subsequent children. The new Royal baby may force Prince George to share the Royal spotlight, but most second-borns in the family have every reason to feel hard done by."
"Manchester United and Chelsea will be taking part in the International Champions Cup in the US this summer. The Premier League rivals announced on Wednesday afternoon that they would take part in the tournament along with Barcelona, Porto, Paris Saint-Germain, Fiorentina,  and MLS sides New York Red Bulls, San Jose Earthquakes and LA Galaxy. The pre-season tournament, which is now in its third year, is set to be played between July 11 and August 5 with Chelsea revealing the full details will be revealed at a press conference in New York on April 28. Manchester United will take part in the International Champions Cup friendly tournament this summer . The likes of Diego Costa, John Terry and Gary Cahill will be representing Chelsea in North America . Chelsea . Manchester United . Barcelona . Club America . Fiorentina . LA Galaxy . New York Red Bulls . Paris Saint-Germain . Porto . San Jose Earthquakes . Last summer, United’s match in Michigan set an all-time high for the largest ever crowd at a soccer game in the United States with 109,318 fans gathering to watch them play Real Madrid at the Big House. United Group Managing Director, Richard Arnold, said: 'The club is delighted to be returning to the United States for Tour 2015, presented by Aon. Manchester United made history in its last visit to the United States by breaking the country’s soccer attendance record and the huge level of support for the Club was evident in every city we visited. 'This summer’s tour is the latest in a long line of visits to the US; a tradition that began some 65 years ago under the guidance of the great Sir Matt Busby. Zlatan Ibrahimovic and his Paris Saint-Germain side will be taking part in the pre-season tournament . Jose Mourinho will be hoping his Chelsea side go into the tournament are 2014-15 Premier League champions . 'This tour will not only provide the team with first-rate preparation for the season ahead, it will also allow many of United’s eight million US followers to get closer to the Club they love.' Louis Van Gaal has been closely involved with the planning. He has previously gone on record stating that the team would not have to travel long distances and they are expected to be based on the west coast. Should all their matches be played in July, United will wear their existing Nike strip, with their world-record £750m deal with adidas not kicking in until August 1. Darren Fletcher and Wayne Rooney lift last year's trophy following their 3-1  victory over Liverpool . Chelsea last took part in the tournament during their pre-season campaign in 2013 . United boss Louis van Gaal will lead his side out for their second successive year in the tournament . Jose Mourinho's Chelsea side enjoyed a relatively quiet 2014 pre-season as the Portuguese boss decided it was best for his team to remain in Europe ahead of the 2014-15 campaign, but the summer trip will be the club's eighth visit to North America in just 12 years. Chelsea Chairman Bruce Buck to the club's official website: ‘I am delighted the club will take part in the International Champions Cup this summer, against top-quality opposition. ‘We look forward to returning to North America for the eighth time in 12 years, and visiting some iconic venues in which I am sure there will be strong Chelsea support. ‘We know the facilities we use will be second to none and Jose and the squad will be able to prepare for what already promises to be an exciting 2015/16 campaign. I am also pleased to confirm we will be continuing the important work of the Chelsea Foundation during our visit.’ United’s match against Real Madrid saw the largest ever crowd at a soccer game in the US with 109,318 fans gathering to watch . Liverpool captain Steven Gerrard is likely to feature as he prepares for 2015-16 season with LA Galaxy . Liverpool captain Steven Gerrard could also feature in the tournament as he embarks on a career with LA Galaxy after his 26-year association with the Merseyside club. Galaxy president Chris Klein. 'This is the most storied and successful club in MLS and competing in this tournament gives our fans an opportunity to see the Galaxy face the most successful clubs from other leagues around the world. 'We are looking forward to continuing the tradition of bringing global soccer to Southern California this summer.' The tournament, which will be played through July and August will be seen over 160 countries across the world. United will have to wear Nike kit during their summer US tour, despite their new adidas deal . adidas are the new sponsors in a £750million deal but there is no buy-out clause in Nike deal that ends in July .","Manchester United and Chelsea to take part in summer tournament .
PSG and Barcelona also set to play in International Champions Cup .
Details to be revealed during press conference in New York on April 28 .
United won the ICC last year after a 3-1 final victory against Liverpool .
The tournament is set to be played between July 11 and August 5 .
Steven Gerrard could also feature for LA Galaxy in North America .","Manchester United and Chelsea will be participating in the International Champions Cup in the United States this summer. The tournament, which is now in its third year, will be played between July 11 and August 5. Chelsea will reveal the full details of their participation at a press conference in New York on April 28."
"How do you fancy taking a tour of the Grand Mosque of Abu Dhabi, seeing Berlin's historic Checkpoint Charlie or exploring Cape Peninsula in South Africa? You can now have a real holiday 'e-xperience' from the comfort of your own home, and importantly, for a fraction of the price. Park Inn by Radisson has today announced the launch of a pioneering, new virtual travel service which redefines the concept of 'holiday'. The Grand Mosque in Abu Dhabi is definitely a sight worth seeing . E-scapes is the world's first 'virtual holiday' experience on social media – allowing customers to appear to be on a trip away according to their social channels, whilst actually still at home. For just the fraction of the price of a traditional 'holiday', the holidays take management of an individual's social media profiles and 'transports' them away on the 'e-trip' of a lifetime. While E-scape customers are relaxing at home, their social media accounts - including Facebook, Twitter, Instagram and Snapchat – are updated to give the illusion they're on a trip away. To create these 'e-experiences', a dedicated team of social media specialists prepare a tailored itinerary of airport check-ins, status updates and attendance at all the best destination hotspots and events. The famous Checkpoint Charlie was the famous Berlin Wall crossing between East Berlin and West Berlin during the Cold War . In addition, E-scapes' designers use cutting-edge photo manipulation software to produce flawless photos of customers at their chosen destination, much to the envy of their friends and followers. The rise of 'social media swaggering' has produced a new type of traveller, one who values kudos within their social groups over a physical trip away and the experience it brings. The mirage of being well-travelled on social media, is sometimes perceived more important than the travel experience itself. Berlin . From just €19 (£14) Includes visits to the Reichstag, Checkpoint Charlie and Berlin Cathedral . Fine dining at the famous Heising restaurant . Wild night (and morning) at techno club Tresor . Price includes unique content across Facebook, Twitter and Instagram. Cape Town . From just €29 (£21) Includes visits to the Cape Peninsula, Robben Island and Victoria & Alfred Waterfront . Great white shark cage diving . Sophisticated dining at the renowned La Colombe restaurant . Price includes unique content across Facebook, Snapchat and Instagram. Abu Dhabi . From just €39 (£29) Includes visits to the Grand Mosque, Heritage Village and Yas Island . Sunset cruise on the Persian Gulf . Incredible views from the Etihad Towers Observation Deck . Price includes unique content across Facebook, Instagram and Twitter. With this knowledge, Park Inn by Radisson becomes the first travel brand in the world to offer a virtual holiday experience for the new breed of digital traveller. At launch, Park Inn by Radisson E-scapes will offer three of the world's most stylish destinations for an 'e-xperience'. Starting from just €19 (£14), Berlin, Cape Town and Abu Dhabi will be available to book directly on parkinn.com/e-scapes, with plans already for an expansion of E-scape locations in 2016. 'The way we live and the way we travel have been significantly changed by the role of digital platforms such as Facebook, Twitter and Instagram, says Martin Müller, director of Park Inn by Radisson E-scapes. 'The rapid rise of 'social swaggering' has led us to take the extraordinary step of creating a brand new travel concept, catering to the needs and wants of the customer of the future. 'With e-xperiences at three launch destinations, Park Inn by Radisson E-scapes can make customers appear interesting, cultured and more importantly, well-travelled on their social profiles – all from the comfort of their own home. 'Today, we're incredibly excited to be announcing one of the most significant developments in the history of travel.' 'When I signed up to take part in Park Inn by Radisson E-scapes, I wasn't quite sure what to expect, but the results were phenomenal. They took over all my social profiles, Facebook, Twitter, Snapchat and Instagram, and created my 'social media holiday,' said Elisabeth Jones, E-scapes' first customer. 'My Abu Dhabi adventure included visits to the Grand Mosque, Heritage Village, Yas Island and a sunset cruise on the Persian Gulf. It all looked so beautiful, I even started to feel as if I'd been there for real. 'Even old school friends who I hadn't seen for years were coming out to comment on how well I looked and say they were really jealous of my amazing journey,' she added. The Cape Peninsula in South Africa offer unrivalled views, and know you can see them for yourself .","Experience Berlin for £14, South Africa for £21 and Abu Dhabi for just £29 .
New concept of 'the holiday' is brainchild of Park Inn by Radisson .
Programme will post your actions 'on holiday' to social networks .","Park Inn by Radisson has launched a new virtual travel service called E-scapes, allowing customers to appear to be on a trip away according to their social media accounts. The service offers unique content across Facebook, Twitter, Instagram, and Snapchat, and customers can book destinations like the Grand Mosque in Abu Dhabi, Berlin's Checkpoint Charlie, and Cape Peninsula in South Africa for just the fraction of the price of a traditional holiday."
"A contestant on Friday night's episode of Jeopardy left a lasting impression with viewers for all the wrong reasons after giving a highly inappropriate answer to a question about puberty. Host Alex Trebek asked: 'In common law, the age of this, signaling adulthood, is presumed to be 14 in boys & 12 in girls?' The first contestant to press his buzzer was Tom, a freemason, who inexplicably answered: 'What is the age of consent?' Jeopardy contestant Tom left a lasting impression with viewers for all the wrong reasons after giving a highly inappropriate answer to a question about puberty . The first contestant to press his buzzer was Tom, a freemason, who inexplicably answered: 'What is the age of consent?' It isn't unheard of for game show contestants to give embarassingly incorrect answers when under the pressure to buzz first, but Tom's answer must have left things feeling slightly awkward in the TV studio . The correct answer is of course: 'What is puberty?', while the age of consent in the U.S. varies between 16 and 18 depending on the state. It isn't unheard of for game show contestants to give embarassingly incorrect answers when under the pressure to buzz first, but Tom's answer must have left things feeling slightly awkward in the TV studio. Viewers watching at home couldn't contain their horror at what Tom's answer appeared to imply and soon #jeopardy was trending on Twitter with people voicing their opinons. 'Holy s*** that ""age of consent"" guess was the creepist answer I've ever heard,' tweeted one viewer. 'If ""age of consent"" is what you think of when it's 'age 12 for boys, age 13 for girls' you need help,' wrote another. Viewers watching at home couldn't contain their horror at what Tom's answer appeared to imply and soon #jeopardy was trending on Twitter with people voicing their opinons .","A contestant called Tom left a lasting impression with viewers for all the wrong reasons on Friday night .
Host Alex Trebek asked: 'In common law, the age of this, signaling adulthood, is presumed to be 14 in boys & 12 in girls?'
The first contestant to press his buzzer was Tom who inexplicably answered: 'What is the age of consent?'
The correct answer was puberty and Tom's inappropiate reply left him trending on Twitter .","A contestant on Friday night's episode of Jeopardy gave an inappropriate answer to a question about puberty, leaving viewers and the host feeling uncomfortable. The correct answer is ""What is puberty?"" while the age of consent varies between 16 and 18 depending on the state."
"(CNN)In the end, it played out like a movie. A tense, heartbreaking story, and then a surprise twist at the end. As eight of Mary Jane Veloso's fellow death row inmates -- mostly foreigners, like her -- were put to death by firing squad early Wednesday in a wooded grove on the Indonesian island of Nusa Kambangan, the Filipina maid and mother of two was spared, at least for now. Her family was returning from what they thought was their final visit to the prison on so-called ""execution island"" when a Philippine TV crew flagged their bus down to tell them of the decision to postpone her execution. Her ecstatic mother, Celia Veloso, told CNN: ""We are so happy, so happy. I thought I had lost my daughter already but God is so good. Thank you to everyone who helped us."" Supporters were ""overjoyed"" with the news. ""This is all because of the efforts of the Filipino people and the international community who have been with Mary Jane, her family and the Filipino people all throughout,"" a supporter said upon hearing of the eleventh-hour reprieve. Veloso was arrested in 2010 after a flight from Malaysia to Indonesia when $500,000 worth of heroin was discovered in the lining of her luggage. Supporters, including the Filipino advocacy group Migrante, and her lawyers claim the young mother was the victim of human trafficking. They say she was offered work in Malaysia, but when she arrived she was told the job had been filled and wasn't aware the bag she'd been given for the return journey to Indonesia was filled with drugs. The Philippine Embassy in Indonesia's capital, Jakarta, said Wednesday that it welcomed the reprieve and appreciated that the Indonesian government appeared to be reconsidering the case. ""While Mary Jane was convicted for a drug-related offense in 2010, the Philippines believes that due to her personal circumstances, she herself is a victim of heartless drug syndicates,"" embassy political secretary Jed Llona said. ""The alleged recruiters of Mary Jane are currently being investigated in the Philippines, and the embassy hopes that through this ongoing case, those truly responsible for drug trafficking in the region are brought to justice."" Questions about her detention and trial, including the competency of her translator, have also been raised. Veloso had been given the customary 72 hours' notice of execution, and her family had traveled to Nusa Kambangan to say their final goodbyes. However, developments in her home country appear to have changed  -- or at least delayed -- her fate. CNN Philippines reported that Veloso's alleged recruiter, Maria Kristina Sergio, and her partner Julius Lacanilao surrendered to authorities in the Philippines Tuesday. Sergio faces charges of illegal recruitment, human trafficking, and fraud, but maintains her innocence. Sergio said that she had received anonymous death threats by phone, and further threatening messages from Veloso's family on social media. Veloso's lawyer, Edre Olalia, confirmed that developments in the case had prompted the stay. ""As far as Mary Jane is concerned, her life has been spared for the moment and the reason is that the legal proceedings in the Philippines must be respected first in view of the fact that the illegal recruiter is now in custody,"" he told CNN Philippines. Indonesian President Joko Widodo told reporters Wednesday that the decision was the result of the Indonesian government's desire to cooperate with the ongoing case in the Philippines. ""There was a letter from the Philippine government saying that there is a legal process related to human trafficking there. So we need to respect this legal process."" He stressed, however, that the execution was delayed, rather than canceled. Veloso's case has touched the public in her native Philippines, with the highest levels of government and celebrity calling for mercy. President Benigno Aquino met his Indonesian counterpart on the sidelines at the ASEAN summit in Kuala Lumpur last weekend and pressed for him to commute Veloso's sentence. Filipino boxing superstar Manny Pacquiao, who is primed to fight longtime foe Floyd Mayweather Saturday, made a televised appeal to President Widodo, also asking for mercy for Veloso. ""I am begging and knocking on your kind heart that Your Excellency will grant executive clemency to her,"" he said. Veloso's sons, Mark Daniel and Mark Darren, ages 6 and 12, issued a heartbreaking plea, aimed at Widodo's son, asking him to intervene. ""Please tell your father not to execute her,"" they asked. Ordinary people are also fighting for their compatriot, including Filipino domestic workers in Hong Kong, who protested at the Indonesian Consulate in Hong Kong Tuesday. Philippine Embassy officials said Veloso would be returned to Yogyakarta prison in Central Java later on Wednesday. Lawyers fighting to delay her execution previously said they'd given up their bid after her second legal review was rejected on Monday.","Indonesia executed eight drug smugglers Wednesday morning .
Mary Jane Veloso was meant to be the ninth but was given reprieve .
Supporters, family ""overjoyed"" -- Indonesia stresses it's just a delay .",A Filipina death row inmate was spared execution after her alleged recruiter was arrested in the Philippines. The case highlights the challenges of human trafficking and the need for cooperation between countries to address the issue.
"Incredible footage of a Sydney train station flooding during the storm of a decade on Wednesday has been captured on CCTV. A time lapse video, filmed from the platform over a 45 minute period at 11am, shows the water creeping along the tracks at Bardwell Park in Sydney's south forcing the partial closure of the T2 Airport line. At one point a worker in a high-vis jacket appears to look at the rising water to take a photo. The murky flood water eventually submerges the train line and begins moving like a river past the platform. Sydney's two-day total rainfall  totalled about 225mm by 9am Wednesday – the most fall for almost 17 years. A time lapse video, filmed from the platform between 11am and 11.45am, shows storm water creeping along the tracks at Bardwell Park in Sydney's south . Although the storm had passed by Thursday, about 80 sets of traffic lights are still out across the city, and a number of main roads remain closed due to flooding. Twelve local government areas have been declared natural disaster zones, from Sydney's northern beaches to the Hunter Valley. Meanwhile, thousands of people remain stranded in parts of New South Wales as emergency services begin to clean up after devastating weather smashed the state over three days. On Thursday morning, the NSW State Emergency Service said about 2000 people in the Hunter Region - including the Macdonald Valley, Webbs Creek Valley and Colo Valley - are expected to be isolated for days. The murky flood water submerges the train line and begins moving like a river as it reaches almost the height of the platform . The flooding at Bardwell Park forced the partial closure of the T2 Airport line in Sydney . An evacuation order remains in place for parts of Milperra in Sydney, about 200,000 remain without power and the SES is still working to address 50 per cent of 12,420 calls for help it has received since Monday morning. In Dungog, in the Hunter Region, an elderly woman and two elderly men reportedly died in their homes as water surged through the small town after it received more than 300mm of rain in 24 hours. The Bureau of Meteorology said wild weather conditions would continue to ease on Thursday but warned floodwaters still had yet to peak in some areas - including Singleton and Bulga in the Hunter. NSW SES deputy commissioner Steven Pearce said: 'The recovery effort will be huge for those areas that have been smashed by what has been the largest storms in the last 10 years.' After being submerged in flood water, the airport line reopened in time for the afternoon peak . The train line appeared more like a river than a track on Wednesday . A cyclist powers his way through a flooded road, which was causing a traffic jam, at Bondi Junction in Sydney . Rain water made wellies a necessity in some Sydney train stations this week .","The video was filmed over 45 minutes at Bardwell Park station in Sydney .
It shows the rising flood water taking over the train tracks .
Sydney's two-day total rain fall totalled about 225mm on Wednesday .
The flooding caused a partial closure of the airport train line .","A CCTV time lapse video captured footage of a Sydney train station flooding during a storm that occurred in 2010. The storm caused the partial closure of the T2 Airport line and forced traffic lights to be out across the city. Twelve local government areas were declared natural disaster zones, and thousands of people remained stranded in parts of New South Wales. The flooding at Bardwell Park forced the partial closure of the T2 Airport line in Sydney."
"A merry widow from Edinburgh who loves to party the night away dancing on tables admits her lifestyle is a far cry from her own grandparents. Pat Ingles, 69, remembers her grandmother sitting by the fire knitting in a pinny and slippers. In comparison, the retired hairdresser, prefers to dress up in kinky outfits and go out drinking until the early hours. Pat, 69, pictured left in her police woman fancy dress outfit, enjoys pole dancing with friend Julia, 67, right . 'I really enjoy myself, I party hard,' she admitted on the Channel 5 show OAPs Behaving Badly. 'I have heard of the saying ""grow old gracefully"" but I don't understand it.' Grandmother-of-three Pat lost her husband 12 years ago to prostate cancer after dutifully caring for him during the last nine years of his life following his diagnosis. Now she's focused on enjoying herself and wants to make the most of the time she has left. She said: 'I have cared for people all my life. I don't want to look after someone full-time again, I want to look after me now. 'Whatever time I have left I am going to party and love it till I die.' Pat in another of her risque outfits gets to grips with an Elvis impersonator in Menorca . While Pat likes to hit the town at night, during the day she hits the gym and also enjoys pole-dancing lessons. Thanks to keeping fit and active, she says she feels confident about her appearance as she nears 70 and as a result, she is happy to show off her body in a number of 'kinky' outfits. Her wardrobe includes a risque fancy dress police woman look, air hostess and French Maid outfits, as well as a leather jumpsuit, and she teams them all with stilettos. She said: 'I like to dress sexy, if I can't walk in high heels, I won't go outside. I just like to have fun and feel good in whatever I wear. 'For my age I don't have a bad body. I can walk into a room and I still turn heads and I like that.' Pat, pictured again with the Elvis impersonator, loves to party and stay out dancing on tables . Far from being embarrassed by their party pensioner grandparent, Pat's family think she's great fun and love it if she joins them on nights out. Her granddaughter, Paris, 20, said: 'She stays out till 1am dancing on the tables, it's not embarrassing, I don't think ""my nanna shouldn't do that"", it's cool.' Pat isn't alone in her desire to party. She has a partner in crime in her friend Julia Church, 67, who now lives in Menorca. Julia, also a retired hairdresser, moved to the Spanish island with her husband and now parties with her fellow British expats following his death seven years ago. Pat regularly visits her and the pair get glammed up for nights out where they drink and dance the night away. Pat on a night out with Julia, left, who says 'we'll just keep going till we fall to bits' The friends often party all night in Menorca where Julia now lives . Julia said: 'You can't judge others like us, we're not normal, we're crazy. Being 67 or 27 it doesn't make any difference, we're exactly the same. 'I don't like the thought of getting old, we'll just keep going till we fall to bits. There's no point worrying about it, you'll make yourself depressed.' Pat has been single for years following the death of her husband and said she has dated some younger men - including a man in his 40s who was younger than her 49-year-old son. But now she's found happiness with Colin, 66. She said: 'We have a fantastic time together, we have good sex, we enjoy each others' company. 'I realised how much I missed that, having someone to care for me and protect me and treat me like a lady.' Julia shows off her pole dancing skills. She admits: 'I don't like the thought of getting old' OAPs Behaving Badly is on Channel 5 Wednesdays at 9pm .","Pat Ingles, 69, from Edinburgh, loves to wear high heels and party .
Dresses up in risque outfits and heels and has pole dancing lessons .
Cared for her husband before he died and is focusing on herself now .
Her granddaughter, 20, thinks her nana is 'cool'","Pat Ingles, a 69-year-old widow from Edinburgh, enjoys partying hard and dressing in provocative outfits. She has lost her husband to prostate cancer and wants to make the most of her remaining time. Pat and her friend Julia, both 67, often party together in Menorca, where they dress in risque outfits and dance the night away. Pat is not alone in her desire to party and has dated younger men, including a man in his 40s."
"With the helpless animals clutched tightly under his arms, this is the moment a suspected dog thief made off with two beloved family pets. Pekingese Marley and Mitzy had been left to play in the front garden by their owners Adele and Steven Worgan. But they were snatched when the couple weren’t looking – and neighbours believe they have caught the culprit on CCTV. Caught on camera: This is the suspected dog-napper seen on CCTV footage with what appears to be two animals under his arms . ‘We just want them back,’ said Mrs Worgan, 49. ‘It’s devastating. None of us have been able to sleep or eat since.’ Mr Worgan was inside the house in Doncaster at around midday when he heard a yelp from the garden. He rushed outside in time to see a man get into a van with Marley and Mitzy and drive off. Springing into action, the 56-year-old gave chase around midday on Saturday – but was unable to keep up as the van sped away. Now, the couple’s neighbours believe that they have captured the alleged thief on CCTV. Missing: Pekingese dogs Marley and Mitzy disappeared from the front garden of their home in Doncaster, South Yorkshire . The theft has been reported to the police and the pairs owners are offering a £1,000 reward for information leading to their safe return . The couple are now offering a £1,000 reward to anyone who can return their pets, who have been missing for a week, and have reported the theft to police. Marley, the younger of the pair, should be easily identifiable because he only has one eye. A police spokesman said inquiries were continuing. Any one with information about the dog snatching was asked to call South Yorkshire Police on 101 quoting incident number 428 of 4 April 2015.","Pekingese dogs Marley and Mitzy were taken from garden in Doncaster .
Suspected pet-napper caught on camera after the animals were snatched .
Theft reported to the police and owners offer £1,000 reward for their return .","A suspected dog thief snatched two beloved family pets, Pekingese Marley and Mitzy, from their home in Doncaster, South Yorkshire. The theft was reported to the police and a £1,000 reward is offered for information leading to their safe return. The couple is now offering a £1,000 reward to anyone who can return their pets, who have been missing for a week."
"Rafa Nadal got his clay court season off to a perfect, confidence-boosting start with a 6-2, 6-1 win over Frenchman Lucas Pouille in the Monte Carlo Masters. It was a businesslike display from the world No 5. He didn’t unleash the full power of his forehand but played sensible, measured tennis and made only five unforced errors in the match. His talented 21-year-old opponent showed flashes of attacking flair, including one outrageous half-volley forehand winner, but was never able to put enough balls in court to trouble the great Spaniard. Rafael Nadal safely made his way into third round of the Monte Carlo Masters with win against Lucas Pouille . Nadal got his clay court season off to the perfect start with a straight sets victory 6-2, 6-1 . Nadal broke in the sixth game of the match to go 4-2 up, and a shanked backhand from the world No 108 handed him another break and the first set. The nine-time French Open winner began the second set in the same steady form and broke Pouille twice to serve for the match at 5-1. He arrowed a vintage forehand down the line to seal a place in the third round, where he will face either John Isner or Viktor Troicki. The Spaniard is an eight-time champion in Monte Carlo, but has not won here since 2012 and said last week that he is ‘not the favourite for anything’ at the moment. Frenchman Pouille showed glimpses of his talent but was unable to trouble Nadal . Nadal is an eight-time champion at Monte Carlo but hasn't won the tournament since 2012 . This victory was the first step in rebuilding his self-belief after disappointing losses in the quarter-finals of the Indian Wells Masters and the third round in Miami last month. It is too early to say that the king of clay is back to his best, and he will face sterner tests later in the week, but he could not have asked for a better opening display.","Rafa Nadal beat Lucas Pouille 6-2, 6-1 in the second round on Wednesday .
Spaniard got his clay court season off to a perfect start with a routine win .
World No 5 made just five unforced errors as he booked third round place .","Rafa Nadal won the Monte Carlo Masters clay court tournament with a 6-2, 6-1 victory over Lucas Pouille. Nadal's performance was described as businesslike and focused, with only five unforced errors. Pouille showed flashes of attacking flair but was unable to put enough balls in court to trouble Nadal. This victory was the first step in Nadal's self-belief after disappointing losses in the quarter-finals of the Indian Wells Masters and the third round in Miami last month."
"Cairo (CNN)An Egyptian court has sentenced 71 people to life in prison for their role in the August 2013 burning of a Christian church in the Giza province village of Kafr Hakim, state news reports. The Virgin Mary Church was torched and looted by a mob, some of whom chanted against Coptic Christians and called for Egypt to become an ""Islamic state,"" one of at least 42 churches and many more businesses and homes targeted that August, the advocacy group Human Rights Watch reports. Others attacked included St. George Church in Sohag, a city south of Cairo on the Nile River, and Prince Tadros Church in Fayoum, which is southwest of Cairo, according to reports. In addition to those getting life sentences, two minors were sentenced to 10 years in prison and fined 10,000 Egyptian pounds (about $1,300), Egypt's official Egynews reported. Most of those sentenced -- 52 of the 73 defendants -- were tried in absentia, with 21 already in prison, according to Egynews. Some blamed the church and other attacks on supporters of the Muslim Brotherhood, the Islamist movement that backed Mohamed Morsy. Morsy became Egypt's first democratically elected president following the ouster of longtime leader Hosni Mubarak. Morsy was pushed out by Egypt's military. Morsy was sentenced to 20 years in prison earlier this month after being convicted on charges related to violence outside the presidential palace in December 2012. But he was acquitted of murder in the deaths of protesters. Christian churches across Egypt stormed, torched . Journalist Sarah Sirgany reported from Cairo and CNN's Greg Botelho reported and wrote this story from Atlanta.","2 minors were sentenced to 10 years in prison, in addition to adults getting life .
52 of the 73 defendants were sentenced in absentia .
The Virgin Mary Church was burned along with dozens of others in August 2013 .","An Egyptian court has sentenced 71 people to life in prison for their role in the August 2013 burning of a Christian church in the Giza province village of Kafr Hakim. The church was torched and looted by a mob, some of whom chanted against Coptic Christians and called for Egypt to become an ""Islamic state."" The attacks also targeted St. George Church in Sohag and Prince Tadros Church in Fayoum. Most of those sentenced were tried in absentia, with 21 already in prison."
"Why buy a fishing boat, when you can make one out of household furniture? Auckland coastguards have had the shock of their life after receiving an alert that about 5 homemade 'boats' were taking part in an annual fishing event on Sunday. The attendees included a couch strapped to a stack of tyres and a floating Subaru car. Scroll down for video . Auckland coastguards received unusual call out to a homemade boat race that saw aSubaru take to the water . The race also saw a couch strapped to a few tyres and being pulled along by a dingy . Coastguards took to the water near Gulf Harbour, off Auckland's Whangaparaoa Peninsula after receiving a call out about the event from a member of the public. One vessel capsized just outside of the harbour, causing three people to have a bit of a paddle, however no one was injured. The voluntary rescue unit, Hibiscus Rescue and North Shore Rescue lent a hand to the fishermen as alcohol appeared to be involved during the event. Coastguard Hibiscus took to their Facebook to post their surprise at the unique vessels. 'These guys and gals were having a great time today!' they wrote. 'It was great to see everyone wearing lifejackets! Not sure who won the fishing comp?' A video was also released by the coastguard showing two men on a dodgy dingy being transported back to the shore. Hibiscus Rescue and North Shore Rescue lent a hand to the fishermen as alcohol appeared to be involved . One vessel capsized outside of the harbour, however besides getting a bit wet, no one was injured . The men can be heard yelling 'safety first, safety first,' before throwing was appears to be a beer can at another vessel. According to the New Zealand Herald, the event has been happening for years and is aimed to spread positivity through the community. An attendee who asked not to be named said that safety was always paramount and the strong winds at Army Bay were monitored. 'It's all about people building boats. These guys have spent a year restoring boats and we've had a lot of positive feedback from the community. It's 100 per cent positive,' he said. 'We're just locals, just mates, having a good time.' The travellers were issued with a warning by police but no charges were laid.","Auckland coastguards received unusual call out to a homemade boat race .
The race saw 15 'boats' including a floating Subaru car and couch on tyres .
One vessel capsized outside of the harbour, however no one was injured .
Hibiscus Coastguards posted their delight at everyone wearing life jackets .","Auckland coastguards received an unusual call out for a homemade boat race involving a couch, a Subaru car, and a dingy. The event was held near Gulf Harbour, and three people were paddling in the water. Hibiscus Rescue and North Shore Rescue lent a hand to the fishermen, and the coastguard posted a video showing two men on a dodgy dingy being transported back to the shore. The event has been happening for years and is aimed to spread positivity through the community. The travellers were issued with a warning by police but no charges were laid."
"Antarctica has experienced its highest temperature on record, according to meteorologists. Sensors at Argentina's Esperanza Base on the northern tip of the Antarctic Peninsula recorded a temperature of 17.5°C (63.5°F). According to meteorologists this is potentially a new record for the warmest temperature measured on the frozen continent. The new temperature record was measured on the northern tip of the Antarctic Peninsula (pictured) where the ice shelf covering the sea has declined considerably in recent years and glaciers are thought to be receding . Over a two day period last week temperatures reached 17.4°C (63.3°F) and 17.5°C (63.5°F). However, the heatwave on the coldest continent on Earth has still to be officially certified by the World Meteorological Organisation. Antarctica's icy edge is disappearing in warming ocean waters, with the last decade seeing the rate of ice loss increase dramatically. This is according to a new study that has combined 18-years worth of ice shelf thinning data from three different sets of satellites. The researchers claim that some ice shelves in West Antarctica have lost as much as 18 per cent of their volume in the last ten years. Satellite data from 1994 to . 2012 clearly shows the accelerating decline which could hasten the rise in global sea levels, . scientists say. The findings come amid concern among many scientists about the effects of . global climate change on Earth's vast, remote polar regions. The previous hottest temperature recorded in Antarctica - which is usually the coldest place on Earth - was in April 24 1961 when the temperature reached 17.1°C (62.8°F). Writing for website Weather Underground, meteorologist Dr Jeff Masters said: 'A new all-time temperature record for an entire continent is a rare event. 'This week's record temperatures were made possible by an unusually extreme jet stream contortion that brought a strong ridge of high pressure over the Antarctic Peninsula, allowing warm air from South America to push southwards over Antarctica. 'At the surface, west to east blowing winds over the Antarctic Peninsula rose up over the 1,000-foot high mountains just to the west of Esperanza Base, then descended and warmed via adiabatic compression (without transfer of heat) into a warm foehn wind (a warm dry wind that blows down a slope).' Antarctica is known as the coldest place on Earth where temperatures have dropped to -93.2°C (-135.8°F) on the East Antarctic Plateau. The graphic above shows rates of thickness change around the Antarctic coastline with areas of most loss in the past 18 years indicated by red circles and areas where ice has increased shown by blue circles . However, the Antarctic Peninsula is one of the fastest warming spots on Earth. While most of the continent has experienced an increase in ice sheet mass, nearly 10,000 square miles of ice has been lost from the ice shelves off coast of the Peninsula. Glaciers extending out from the fjords of the Antarctic Peninsula have also been retreating, according to researchers. Climate scientists have blamed the changes happening there on human-generated global warming. The collapse of the Larson B shelf (shown above) on the Antarctic Peninsula is one example of the changes that have been taking place on the continent in recent years and have caused concern among some scientists . Marine sediment cores suggest the changes happening in the area are unprecedented at least in the past 10,000 years. Dr Masters said last week's heatwave matched a trend occurring around the world. He said that in 2015 five nations or territories have now set all time records or matched their records for hottest temperatures in history. He added that 46 nations or territories, out of 235, have set or tied all time heat records since 2010. However, despite the new record temperature, climate scientists are urging caution about drawing conclusions from it. This graphic shows how warm water from the ocean may be increasing the flow of glaciers from the Antarctic ice sheet as they cause melting from below while fresh snow accumulates on top of the ice sheet . Gavin Schmidt, a climate scientist with Nasa's Goddard Institute for Space Studies in New York, told National Geographic that last year Antarctica also logged a record cold temperature. He said that long term climate changes in Antarctica are complex and still have not been complained properly. The new record will also depend on what scientists regard as being Antarctica. Currently the World Meteorological Society records the warmest temperature on the continent as being at Vanda Station on the opposite side Antarctica on 1 May 1974 when temperatures reached 15°C (59°F).","Temperatures at Esperanza Base on Antarctic Peninsula reached 63.5°F .
Area was hit by two day heatwave that beat previous temperature records .
Antarctic Peninsula is one of the fastest warming areas on the continent .","Antarctica experienced its highest temperature on record at 17.5°C (63.5°F) at Argentina's Esperanza Base on the northern tip of the Antarctic Peninsula, potentially breaking the previous record of 17.1°C (62.8°F) set in 1961. The temperature was recorded over a two-day period, and while it has not yet been officially certified, it is believed to be a new record. The warming trend in Antarctica is attributed to human-generated global warming, with some ice shelves losing as much as 18% of their volume in the last decade."
"The Old Bailey was told that Kazi Islam, 18, sent texts to Harry Thomas, 19, who had learning difficulties, persuading him to buy parts for a bomb . A teenager bullied and groomed a friend with learning difficulties into helping him make a pipe bomb in a series of coded text messages which were given away when the friend failed to grasp that 'cake' was a codeword for 'bomb', a court has heard. Kazi Islam, 18, sent messages via his Blackberry to Harry Thomas, 19, praising Lee Rigby's killers and encouraging him to buy a knife to attack soldiers with, along with the ingredients to make an explosive device, the Old Bailey was told. Islam, who is accused of preparing for acts of terrorism, used  'cake' as code for bomb in his messages, but failing to understand his ingenious ruse, Thomas replied: 'Cake? U mean the b o m b', the jury was told. The court heard that Islam, from Manor Park, east London, met Mr Thomas at Barking and Dagenham College in October 2013, and immediately began manipulating him. Messages taken from Islam's phone show that Mr Thomas had confided in Islam about a break-up with his girlfriend, and Islam lied to him about suffering a break-up of his own, saying: ‘Coming back to Islam helped me.’ Prosecutor Annabel Darlow QC said Islam then used his friend to help assemble parts for a pipe bomb, including fireworks, hydrogen peroxide, pipes, metal end caps and glue. She said: ‘The defendant carefully groomed Mr Thomas over many months, flattering him when he appeared willing to do his bidding and bullying him with implied threats of what people associated with him would do if he didn’t carry out his wishes when he didn’t appear to be going according to plan. ‘During the same time period, Kazi Islam carried out research on the internet for information which could assist him in the construction of an explosive device. ‘He also applied liberal encouragement to Thomas to murder a British soldier, inciting him with stories about the murder of innocent children by the military forces and referring approvingly to the murder of Fusilier Lee Rigby in Woolwich.’ Ms Darlow said Islam’s messages on WhatsApp and BlackBerry messenger show he was trying to radicalise others at the same time. She added: ‘His activities centred upon two particular planned acts of terrorism. The first of those was a plot to construct an improvised explosive device. The pair met while at Barking and Dagenham College (pictured) in October 2013 after Mr Thomas confided in Islam about breaking up with his girlfriend. Islam then began bullying and grooming Mr Thomas . ‘He also entered into discussions about a second scheme of his, that was to murder a member of the armed forces, although the evidence would seem to show us that the first plot had reached a far more advanced stage than the second. ‘In respect of both enterprises, he sought to use a vulnerable and impressionable young man with mental health difficulties.’ Shortly after the pair met in October 2013, they began talking about buying 'ingredients' for their bomb, with Mr Thomas telling Islam where to find steel and brass caps, the Old Bailey heard. In messages on November 1, Islam admonishes his friend for buying ten inch pipes instead of five inch ones, the jury was told. In a text message Islam then adds: ‘What you need to do is get me the fireworks mate. Ones dat have flash powder in them. The explosions gonna make a big noise.’ Four days later Islam sends Mr Thomas a picture, and Mr Thomas replies asking: 'Is that what we're going to make?' While the image was not shown in court, Ms Darlow said it could be inferred from the response. She added: ‘As the messages between Mr Thomas and the defendant expose all too clearly, Mr Thomas was a vulnerable, not particularly bright young man who was desperate to impress Islam and to try and forge some sort of friendship with him. The court heard that Islam tried to use 'cake' as a codeword for the bomb, but not understanding Mr Thomas replied, saying: 'Cake? U mean the b o m b' ‘Islam exploited to the utmost his friend’s vulnerability and obvious wish to try and ingratiate himself with Islam.’ In December 2013 it appears that Mr Thomas began having second thoughts about the plot, so Islam told him that British soldiers had murdered an innocent 10-year-old boy, the court heard. Mr Thomas then asked Islam if a report in a newspaper saying one of Lee Rigby’s killers had raped a teenager was true, the jury was told. Islam responded: ‘If you read it in the newspaper it’s lies, the media will do anything to give Muslims a bad name.’ Islam also suggested that Mr Thomas change his first name from Harry to Haroon, saying it sounded better. Later that month Islam began messaging Mr Thomas about killing a soldier with a knife, Ms Darlow told the Old Bailey. In messages shown to the court, Islam wrote: ‘David Cameron is sending troops to kill innocent people, his soldiers are committing mass murder. ‘If the war doesn’t stop, there should be another soldier killed.’ Thomas replied: ‘U want me to get one’ and Islam told him ‘yeah’. Islam then asked if Mr Thomas would carry out an attack on a soldier. He replied: ‘I don’t agree with what Cameron is doing. I would kill a soldier because they are scum. They have no right to kill these children.’ Pleased with the reply, Islam told him: ‘Well done Harry. I’m glad you understand mate.. I’m proud of you.’ Around the same time Islam began asking Mr Thomas to buy hydrogen peroxide from a shop in order to make into explosives, the court was told. In February the following year Islam also downloaded issues of Al Qaeda's magazine Inspire to his laptop, along with a guide on how to make semtex, Ms Darlow said. However, messages revealed that around this time Islam discovered that Mr Thomas had been telling other people about the bomb, and began threatening him, it was said. He wrote: 'The brothers are gonna come after me and kill me and they’re gonna kill u as well.' Police raided Islam's home in August and recovered a Lenovo laptop computer where they found the bomb-making guides, along with evidence of searches for extreme preachers and extremist material. Islam also sent Mr Thomas texts praising Michael Adebolajo (left) and Michael Adebowale (right), Lee Rigby's killers, and asked his friend to get a meat clever to kill a soldier, the Old Bailey heard . The court heard Islam’s phone had been used to look up the Al Qaeda propaganda magazine Inspire and the article ‘44 ways to support Jihad’. Islam had also looked up the name of hate preacher Anjem Choudary, killer Michael Adebolajo, and former Guantanamo Bay detainee Moazzam Begg, police said. Ms Darlow said that when Islam was arrested, police also raided Mr Thomas’ home. She added: ‘Nothing was found to suggest Harry Thomas had in fact gone on to purchase any of the items the defendant had asked him to purchase.’ Islam denies engaging in conduct in preparation of terrorist acts, contrary to section 5 (1) of the Terrorism Act 2006. The trial continues. Sorry we are not currently accepting comments on this article.","Kazi Islam, 18, accused of grooming Harry Thomas, 19, for acts of terror .
Islam met Mr Thomas, who has learning difficulties, at east London college .
Tried to persuade Mr Thomas to buy ingredients for pipe bomb, court told .
Used 'cake' as code in text message, but Mr Thomas did not understand .
Islam denies preparing for acts of terrorism and his trial continues .","A 18-year-old man from east London was accused of preparing for acts of terrorism by sending coded messages to a 19-year-old with learning difficulties, grooming him into helping him make a pipe bomb. The messages were given away when the friend failed to grasp that 'cake' was a codeword for 'bomb'. The court heard that Islam, from Manor Park, east London, met Mr Thomas at Barking and Dagenham College in October 2013, and immediately began manipulating him. Messages taken from Islam's phone show that Mr Thomas had confided in Islam about a break-up with his girlfriend,"
"Manchester City are planning to table a mega-bid for Raheem Sterling on the day the transfer window reopens. The reigning Barclays Premier League champions have made the Liverpool forward a primary target this summer as they look to increase their homegrown quota. And the club plan to make a major statement by making a formal offer for the forward at the earliest possible opportunity this summer. Man City are planning a mega-bid to sign Liverpool star Raheem Sterling when the transfer window reopens . Sterling, pictured against Newcastle on Monday night, is a primary target for Manchester City this summer . The transfer window officially opens on July 1, but deals can be discussed between clubs prior to that date. City believe they are leading the race to land Sterling this summer and are confident they can complete what would be one of the biggest transfers this summer. Liverpool value Sterling at around £50million, a fee that City can certain afford. But City will have to be cute in their attempts to land Sterling given the threat of Financial Fair Play sanctions. They may look to use other players as bait, but Liverpool are likely to demand a straight cash fee. The Liverpool  forward has been pictured smoking a shisha pipe with team-mate Jordon Ibe earlier this season .","Manchester City have made Liverpool's Raheem Sterling a primary target .
Liverpool value Sterling at £50million - a fee Man City can afford .
The Reds are likely to demand a  cash fee for the England international .","Manchester City is planning to make a major offer for Liverpool forward Raheem Sterling when the transfer window reopens. The club believes they are leading the race to land Sterling this summer and can complete a transfer that would be one of the biggest this year. Liverpool values Sterling at around £50 million, but City will have to be careful in their attempts to land him given the threat of Financial Fair Play sanctions."
"A chilling new jihadi video has emerged on social media, showing a new militia of female jihadis firing machine guns and practising drills in Syria. All of the women are fully veiled, making it hard to identify individuals but it is possible the group may be linked to Islamic State. Standing on their parade ground, the radical women are shown shouting jihad slogans and attempting to use their AK 47 rifles. Scroll down for video: . The female jihadis are shown practising with their machine guns and learning how to march as a unit. Some of the women appear to struggle with the the cumbersome weapons. The radical group of women boisterously shout religious slogans, praising Islam and re-iterating their devotion to jihad . The women appear to struggle with the weight of their machine guns and make a number of basic rifle mistakes. One of the women is filmed hurriedly running up to a mound of sandbags, her burqa blowing heavily in the strong breeze. With the magazine of the machine gun incorrectly resting unevenly on a pile of old sandbags, the female jihadi fires off five rounds before being ushered away to allow another woman to practice. Many of the women also seem surprised by the powerful recoil of the rifle, taking just a couple of shots before returning to the group. Standing awkwardly in a group, many of the women appear to carelessly place the rifle butt on the ground whilst others appear to be leaning on their weapons. All of the women are fully veiled, making it hard to identify individuals but it is believed several of the women could be British nationals. Many of the women can be seen menacingly waving their machine guns in the air whilst they walk slowly to their parade ground. The  video opens with the band of female jihadi marching along a sloped road in the Syrian countryside. Charlie Winter, a researcher at counter-terrorism think-tank the Quilliam Foundation, identified the location of the video, believed to have been filmed at the St Simeon's Church, around 60 km from the Syrian city of Aleppo. Many of the women can be seen menacingly waving their machine guns in the air whilst a few of the women simply point their fingers towards the sky. A couple of the women can be seen carrying their hand bags on their shoulder as they carefully navigate the uneven road. Most of the women appear to be wearing white sports shoes or unflattering sandals and shoes. Standing to attention, the unit of female jihadis sloppily hold their rifles by their sides, awaiting the commands of their self-appointed officer. Many of the women seem surprised by the powerful recoil of the rifle, taking just a couple of shots before returning to the group. The training group are filmed from different angles, including close up shots of the female fighters. Formed up in an informal parade square, the group stand to attention, lazily holding their guns down by their side. One of the women, who seems to be the enthusiastic leader of the group stands at the front, leading the loud call and response chants in Arabic. They boisterously shot religious slogans, praising the  Islamic State and re-iterating their devotion to jihad. According to the International Centre for the Study of Radicalisation (ICSR) at King’s College London,  a group of at least 30 female British female nationals have been identified as being based in northern Syria. The once popular pilgrim site of the Church of St Simeon can be seen clearly in the background, its hallowed land now being used as the parade ground of Islamic State. Whilst one of the female jihadis gives a hate filled interview, some of the other fighters appear disinterested and can be seen chatting in the background. The once popular pilgrim site of the Church of St Simeon can be seen clearly in the background, its hallowed land now being used as the parade ground for extremists. Whilst one of the female jihadis gives a hate filled interview to the camera, the remainder of the disorderly band of fighters can be seen chatting in the background. After more chanting and the leader shakily firing off a few out of control rounds of her machine gun, individual jihadis are given a chance to show off their amateur shooting skills. One of the women hurriedly runs up to a mound of sandbags, her burqa blowing heavily in the strong Syrian breeze. Many of the women seem surprised by the powerful recoil of the rifle, taking just a couple of shots before returning to the group. With the magazine of the machine gun incorrectly resting unevenly on a pile of old sandbags, the female jihadi fires off five rounds before being ushered away to allow another woman to practice. Some of the fighters appear disinterested in the parading, seemingly showing more interest in gazing at the beautiful Syrian countryside. According to the International Centre for the Study of Radicalisation (ICSR) at King’s College London, a group of at least 30 female British female nationals have been identified as being based in northern Syria. Most the British female jihadis live in the Syrian town of Manbij in Aleppo province or the IS de-facto capital city of Raqqa.","Female jihadis shown firing AK 47 rifles and parading in the Syrian countryside .
The group of women enthusiastically chant slogans about Islam and jihad .
Fully dressed in burqas, some of the women appear to struggle with their weapons .
The footage was filmed near the ancient pilgrim site of St Simeon's Church, around 60km from the Syrian city of Aleppo.","A new group of female jihadis has emerged in Syria, fully veiled and practicing with machine guns. They are believed to be linked to Islamic State and could be British nationals. The group is based in northern Syria and uses the Church of St Simeon as their parade ground. They are shown practicing with their weapons and chanting religious slogans. Some of the fighters appear disinterested in the parading, seemingly showing more interest in gazing at the beautiful Syrian countryside."
